Fund Name,Fund URL
NovaPort Smaller Companies Fund,https://citywire.comhttps://citywire.com/selector/fund/novaport-smaller-companies-fund/c153066?utm_medium=website&utm_source=citywire_global&utm_campaign=sector-page-league-table&utm_content=i2642
Saville Capital Emerging Companies Fund,https://citywire.comhttps://citywire.com/selector/fund/saville-capital-emerging-companies-fund/c774385?utm_medium=website&utm_source=citywire_global&utm_campaign=sector-page-league-table&utm_content=i2642
Perennial Microcap Resources Trust,https://citywire.comhttps://citywire.com/selector/fund/perennial-microcap-resources-trust/c896931?utm_medium=website&utm_source=citywire_global&utm_campaign=sector-page-league-table&utm_content=i2642
Ophir Opportunities Fund,https://citywire.comhttps://citywire.com/selector/fund/ophir-opportunities-fund/c457902?utm_medium=website&utm_source=citywire_global&utm_campaign=sector-page-league-table&utm_content=i2642
Lennox Australian Microcap Fund,https://citywire.comhttps://citywire.com/selector/fund/lennox-australian-microcap-fund/c772192?utm_medium=website&utm_source=citywire_global&utm_campaign=sector-page-league-table&utm_content=i2642
Bennelong Emerging Companies Fund,https://citywire.comhttps://citywire.com/selector/fund/bennelong-emerging-companies-fund/c635409?utm_medium=website&utm_source=citywire_global&utm_campaign=sector-page-league-table&utm_content=i2642
UBS Microcap Fund,https://citywire.comhttps://citywire.com/selector/fund/ubs-microcap-fund/c488215?utm_medium=website&utm_source=citywire_global&utm_campaign=sector-page-league-table&utm_content=i2642
Pendal MicroCap Opportunities Fund,https://citywire.comhttps://citywire.com/selector/fund/pendal-microcap-opportunities-fund/c159571?utm_medium=website&utm_source=citywire_global&utm_campaign=sector-page-league-table&utm_content=i2642
Ausbil MicroCap Fund,https://citywire.comhttps://citywire.com/selector/fund/ausbil-microcap-fund/c258645?utm_medium=website&utm_source=citywire_global&utm_campaign=sector-page-league-table&utm_content=i2642
Firetrail Australian Small Companies Fund,https://citywire.comhttps://citywire.com/selector/fund/firetrail-australian-small-companies-fund/c888455?utm_medium=website&utm_source=citywire_global&utm_campaign=sector-page-league-table&utm_content=i2642
Ellerston Micro Cap Fund,https://citywire.comhttps://citywire.com/selector/fund/ellerston-micro-cap-fund/c889074?utm_medium=website&utm_source=citywire_global&utm_campaign=sector-page-league-table&utm_content=i2642
Ellerston Australian MicroCap Fund,https://citywire.comhttps://citywire.com/selector/fund/ellerston-australian-microcap-fund/c616938?utm_medium=website&utm_source=citywire_global&utm_campaign=sector-page-league-table&utm_content=i2642
442 Capital Emerging Companies Fund,https://citywire.comhttps://citywire.com/selector/fund/442-capital-emerging-companies-fund/c918544?utm_medium=website&utm_source=citywire_global&utm_campaign=sector-page-league-table&utm_content=i2642
Ellerston 2050 Fund,https://citywire.comhttps://citywire.com/selector/fund/ellerston-2050-fund/c911503?utm_medium=website&utm_source=citywire_global&utm_campaign=sector-page-league-table&utm_content=i2642
Ausbil Australian SmallCap Fund,https://citywire.comhttps://citywire.com/selector/fund/ausbil-australian-smallcap-fund/c873010?utm_medium=website&utm_source=citywire_global&utm_campaign=sector-page-league-table&utm_content=i2642
Microequities Takeovers and Opportunities Fund,https://citywire.comhttps://citywire.com/selector/fund/microequities-takeovers-and-opportunities-fund/c894569?utm_medium=website&utm_source=citywire_global&utm_campaign=sector-page-league-table&utm_content=i2642
Paradice Australian Small Cap Opportunities Fund,https://citywire.comhttps://citywire.com/selector/fund/paradice-australian-small-cap-opportunities-fund/c929903?utm_medium=website&utm_source=citywire_global&utm_campaign=sector-page-league-table&utm_content=i2642
Perpetual Pure Microcap Fund,https://citywire.comhttps://citywire.com/selector/fund/perpetual-pure-microcap-fund/c445130?utm_medium=website&utm_source=citywire_global&utm_campaign=sector-page-league-table&utm_content=i2642
Maple-Brown Abbott Australian Small Companies Fund,https://citywire.comhttps://citywire.com/selector/fund/maple-brown-abbott-australian-small-companies-fund/c908849?utm_medium=website&utm_source=citywire_global&utm_campaign=sector-page-league-table&utm_content=i2642
Ellerston Australian Emerging Leaders Fund,https://citywire.comhttps://citywire.com/selector/fund/ellerston-australian-emerging-leaders-fund/c894923?utm_medium=website&utm_source=citywire_global&utm_campaign=sector-page-league-table&utm_content=i2642
Regal Emerging Companies Opportunities Fund,https://citywire.comhttps://citywire.com/selector/fund/regal-emerging-companies-opportunities-fund/c879253?utm_medium=website&utm_source=citywire_global&utm_campaign=sector-page-league-table&utm_content=i2642
Lakehouse Small Companies Fund,https://citywire.comhttps://citywire.com/selector/fund/lakehouse-small-companies-fund/c767370?utm_medium=website&utm_source=citywire_global&utm_campaign=sector-page-league-table&utm_content=i2642
UBS Australian Small Companies SIV Fund,https://citywire.comhttps://citywire.com/selector/fund/ubs-australian-small-companies-siv-fund/c526072?utm_medium=website&utm_source=citywire_global&utm_campaign=sector-page-league-table&utm_content=i2642
SGH Australian Small Companies Fund,https://citywire.comhttps://citywire.com/selector/fund/sgh-australian-small-companies-fund/c151933?utm_medium=website&utm_source=citywire_global&utm_campaign=sector-page-league-table&utm_content=i2642
Eley Griffiths Group Mid Cap Fund,https://citywire.comhttps://citywire.com/selector/fund/eley-griffiths-group-mid-cap-fund/c926042?utm_medium=website&utm_source=citywire_global&utm_campaign=sector-page-league-table&utm_content=i2642
Affluence Small Company Fund,https://citywire.comhttps://citywire.com/selector/fund/affluence-small-company-fund/c823287?utm_medium=website&utm_source=citywire_global&utm_campaign=sector-page-league-table&utm_content=i2642
Spheria Wholesale Plus Australian Smaller Companies Fund,https://citywire.comhttps://citywire.com/selector/fund/spheria-wholesale-plus-australian-smaller-companies-fund/c771175?utm_medium=website&utm_source=citywire_global&utm_campaign=sector-page-league-table&utm_content=i2642
Spheria Australian Smaller Companies Fund,https://citywire.comhttps://citywire.com/selector/fund/spheria-australian-smaller-companies-fund/c189580?utm_medium=website&utm_source=citywire_global&utm_campaign=sector-page-league-table&utm_content=i2642
CFS FC W Inv-Infinity SMID Aus Equity,https://citywire.comhttps://citywire.com/selector/fund/cfs-fc-w-inv-infinity-smid-aus-equity/c929978?utm_medium=website&utm_source=citywire_global&utm_campaign=sector-page-league-table&utm_content=i2642
CFS FC W Pen-RQI Aust Small Cap Value,https://citywire.comhttps://citywire.com/selector/fund/cfs-fc-w-pen-rqi-aust-small-cap-value/c249828?utm_medium=website&utm_source=citywire_global&utm_campaign=sector-page-league-table&utm_content=i2642
Fiducian Australian Smaller Companies Shares Fund,https://citywire.comhttps://citywire.com/selector/fund/fiducian-australian-smaller-companies-shares-fund/c276219?utm_medium=website&utm_source=citywire_global&utm_campaign=sector-page-league-table&utm_content=i2642
Investors Mutual WS Australian Smaller Companies,https://citywire.comhttps://citywire.com/selector/fund/investors-mutual-ws-australian-smaller-companies/c152867?utm_medium=website&utm_source=citywire_global&utm_campaign=sector-page-league-table&utm_content=i2642
Fidelity Future Leaders Fund,https://citywire.comhttps://citywire.com/selector/fund/fidelity-future-leaders-fund/c463315?utm_medium=website&utm_source=citywire_global&utm_campaign=sector-page-league-table&utm_content=i2642
DS Capital Growth Fund,https://citywire.comhttps://citywire.com/selector/fund/ds-capital-growth-fund/c756020?utm_medium=website&utm_source=citywire_global&utm_campaign=sector-page-league-table&utm_content=i2642
Acorn Capital Micro Opportunities Fund,https://citywire.comhttps://citywire.com/selector/fund/acorn-capital-micro-opportunities-fund/c881173?utm_medium=website&utm_source=citywire_global&utm_campaign=sector-page-league-table&utm_content=i2642
1851 Emerging Companies Fund,https://citywire.comhttps://citywire.com/selector/fund/1851-emerging-companies-fund/c868523?utm_medium=website&utm_source=citywire_global&utm_campaign=sector-page-league-table&utm_content=i2642
Hyperion Small Growth Companies Fund,https://citywire.comhttps://citywire.com/selector/fund/hyperion-small-growth-companies-fund/c150157?utm_medium=website&utm_source=citywire_global&utm_campaign=sector-page-league-table&utm_content=i2642
Infinity SMID Australian Equity Fund,https://citywire.comhttps://citywire.com/selector/fund/infinity-smid-australian-equity-fund/c927040?utm_medium=website&utm_source=citywire_global&utm_campaign=sector-page-league-table&utm_content=i2642
CFS FC W PSup-Infinity SMID Aus Equity,https://citywire.comhttps://citywire.com/selector/fund/cfs-fc-w-psup-infinity-smid-aus-equity/c928350?utm_medium=website&utm_source=citywire_global&utm_campaign=sector-page-league-table&utm_content=i2642
NorthStar Impact Australian Equities fund,https://citywire.comhttps://citywire.com/selector/fund/northstar-impact-australian-equities-fund/c601070?utm_medium=website&utm_source=citywire_global&utm_campaign=sector-page-league-table&utm_content=i2642
Paradice Australian Small Cap Fund,https://citywire.comhttps://citywire.com/selector/fund/paradice-australian-small-cap-fund/c727059?utm_medium=website&utm_source=citywire_global&utm_campaign=sector-page-league-table&utm_content=i2642
Australian Ethical Emerging Companies Wholesale,https://citywire.comhttps://citywire.com/selector/fund/australian-ethical-emerging-companies-wholesale/c521058?utm_medium=website&utm_source=citywire_global&utm_campaign=sector-page-league-table&utm_content=i2642
Investors Mutual Small Cap Fund,https://citywire.comhttps://citywire.com/selector/fund/investors-mutual-small-cap-fund/c184916?utm_medium=website&utm_source=citywire_global&utm_campaign=sector-page-league-table&utm_content=i2642
Prime Value Emerging Opportunities Fund,https://citywire.comhttps://citywire.com/selector/fund/prime-value-emerging-opportunities-fund/c593654?utm_medium=website&utm_source=citywire_global&utm_campaign=sector-page-league-table&utm_content=i2642
Spheria Australian Microcap Fund,https://citywire.comhttps://citywire.com/selector/fund/spheria-australian-microcap-fund/c762393?utm_medium=website&utm_source=citywire_global&utm_campaign=sector-page-league-table&utm_content=i2642
Australian Ethical Emerging Companies,https://citywire.comhttps://citywire.com/selector/fund/australian-ethical-emerging-companies/c521056?utm_medium=website&utm_source=citywire_global&utm_campaign=sector-page-league-table&utm_content=i2642
Eley Griffiths Group Small Companies Fund,https://citywire.comhttps://citywire.com/selector/fund/eley-griffiths-group-small-companies-fund/c155813?utm_medium=website&utm_source=citywire_global&utm_campaign=sector-page-league-table&utm_content=i2642
OnePath OA TAP-Ausbil Aust Emerging Leaders-EF/Sel,https://citywire.comhttps://citywire.com/selector/fund/onepath-oa-tap-ausbil-aust-emerging-leaders-ef-or-sel/c729517?utm_medium=website&utm_source=citywire_global&utm_campaign=sector-page-league-table&utm_content=i2642
Paradice Australian Mid Cap Fund,https://citywire.comhttps://citywire.com/selector/fund/paradice-australian-mid-cap-fund/c727058?utm_medium=website&utm_source=citywire_global&utm_campaign=sector-page-league-table&utm_content=i2642
Airlie Small Companies Fund,https://citywire.comhttps://citywire.com/selector/fund/airlie-small-companies-fund/c917563?utm_medium=website&utm_source=citywire_global&utm_campaign=sector-page-league-table&utm_content=i2642
Australian Ethical Australian Shares Fund,https://citywire.comhttps://citywire.com/selector/fund/australian-ethical-australian-shares-fund/c152875?utm_medium=website&utm_source=citywire_global&utm_campaign=sector-page-league-table&utm_content=i2642
CFS FC W Pen-Infinity SMID Aus Equity,https://citywire.comhttps://citywire.com/selector/fund/cfs-fc-w-pen-infinity-smid-aus-equity/c928361?utm_medium=website&utm_source=citywire_global&utm_campaign=sector-page-league-table&utm_content=i2642
Maven Smaller Companies Fund,https://citywire.comhttps://citywire.com/selector/fund/maven-smaller-companies-fund/c872967?utm_medium=website&utm_source=citywire_global&utm_campaign=sector-page-league-table&utm_content=i2642
Macquarie Australian Small Companies No.1 Fund,https://citywire.comhttps://citywire.com/selector/fund/macquarie-australian-small-companies-no-1-fund/c923100?utm_medium=website&utm_source=citywire_global&utm_campaign=sector-page-league-table&utm_content=i2642
Blackwattle Mid Cap Quality Fund,https://citywire.comhttps://citywire.com/selector/fund/blackwattle-mid-cap-quality-fund/c921491?utm_medium=website&utm_source=citywire_global&utm_campaign=sector-page-league-table&utm_content=i2642
JANA Small Caps Australian Share Trust,https://citywire.comhttps://citywire.com/selector/fund/jana-small-caps-australian-share-trust/c912940?utm_medium=website&utm_source=citywire_global&utm_campaign=sector-page-league-table&utm_content=i2642
Macquarie Small Companies Fund,https://citywire.comhttps://citywire.com/selector/fund/macquarie-small-companies-fund/c258472?utm_medium=website&utm_source=citywire_global&utm_campaign=sector-page-league-table&utm_content=i2642
The TAMIM Fund Australia Small Cap Income,https://citywire.comhttps://citywire.com/selector/fund/the-tamim-fund-australia-small-cap-income/c895848?utm_medium=website&utm_source=citywire_global&utm_campaign=sector-page-league-table&utm_content=i2642
Tribeca Australian Smaller Companies,https://citywire.comhttps://citywire.com/selector/fund/tribeca-australian-smaller-companies/c155472?utm_medium=website&utm_source=citywire_global&utm_campaign=sector-page-league-table&utm_content=i2642
VanEck S&P/ASX MidCap ETF,https://citywire.comhttps://citywire.com/selector/fund/vaneck-s-and-p-or-asx-midcap-etf/c751854?utm_medium=website&utm_source=citywire_global&utm_campaign=sector-page-league-table&utm_content=i2642
Ausbil Australian Emerging Leaders Fund,https://citywire.comhttps://citywire.com/selector/fund/ausbil-australian-emerging-leaders-fund/c902806?utm_medium=website&utm_source=citywire_global&utm_campaign=sector-page-league-table&utm_content=i2642
Australian Small and Mid-Cap Fund,https://citywire.comhttps://citywire.com/selector/fund/australian-small-and-mid-cap-fund/c870821?utm_medium=website&utm_source=citywire_global&utm_campaign=sector-page-league-table&utm_content=i2642
Pendal Smaller Companies Fund,https://citywire.comhttps://citywire.com/selector/fund/pendal-smaller-companies-fund/c150793?utm_medium=website&utm_source=citywire_global&utm_campaign=sector-page-league-table&utm_content=i2642
Tyndall Australian Small Companies Fund,https://citywire.comhttps://citywire.com/selector/fund/tyndall-australian-small-companies-fund/c916674?utm_medium=website&utm_source=citywire_global&utm_campaign=sector-page-league-table&utm_content=i2642
Fairview Equity Partners Emerging Co Fd,https://citywire.comhttps://citywire.com/selector/fund/fairview-equity-partners-emerging-co-fd/c249881?utm_medium=website&utm_source=citywire_global&utm_campaign=sector-page-league-table&utm_content=i2642
Ausbil Australian Emerging Leaders Fund,https://citywire.comhttps://citywire.com/selector/fund/ausbil-australian-emerging-leaders-fund/c152015?utm_medium=website&utm_source=citywire_global&utm_campaign=sector-page-league-table&utm_content=i2642
CFS FC W Pen-Ausbil Aust Emerg Leaders,https://citywire.comhttps://citywire.com/selector/fund/cfs-fc-w-pen-ausbil-aust-emerg-leaders/c776604?utm_medium=website&utm_source=citywire_global&utm_campaign=sector-page-league-table&utm_content=i2642
Pendal MidCap Fund,https://citywire.comhttps://citywire.com/selector/fund/pendal-midcap-fund/c230233?utm_medium=website&utm_source=citywire_global&utm_campaign=sector-page-league-table&utm_content=i2642
Hayborough Opportunities Fund,https://citywire.comhttps://citywire.com/selector/fund/hayborough-opportunities-fund/c891717?utm_medium=website&utm_source=citywire_global&utm_campaign=sector-page-league-table&utm_content=i2642
Mercer Australian Small Companies Fund,https://citywire.comhttps://citywire.com/selector/fund/mercer-australian-small-companies-fund/c255547?utm_medium=website&utm_source=citywire_global&utm_campaign=sector-page-league-table&utm_content=i2642
Milford Dynamic Small Companies Fund,https://citywire.comhttps://citywire.com/selector/fund/milford-dynamic-small-companies-fund/c847853?utm_medium=website&utm_source=citywire_global&utm_campaign=sector-page-league-table&utm_content=i2642
UBS Australian Small Companies Fund,https://citywire.comhttps://citywire.com/selector/fund/ubs-australian-small-companies-fund/c151215?utm_medium=website&utm_source=citywire_global&utm_campaign=sector-page-league-table&utm_content=i2642
Ironbark Renaissance Wholesale Plus Australian Small Companies Fund,https://citywire.comhttps://citywire.com/selector/fund/ironbark-renaissance-wholesale-plus-australian-small-companies-fund/c755587?utm_medium=website&utm_source=citywire_global&utm_campaign=sector-page-league-table&utm_content=i2642
EQT SGH Wholesale Emerging Companies Fund,https://citywire.comhttps://citywire.com/selector/fund/eqt-sgh-wholesale-emerging-companies-fund/c154634?utm_medium=website&utm_source=citywire_global&utm_campaign=sector-page-league-table&utm_content=i2642
Ironbark Renaissance Australian Small Companies Fund,https://citywire.comhttps://citywire.com/selector/fund/ironbark-renaissance-australian-small-companies-fund/c156323?utm_medium=website&utm_source=citywire_global&utm_campaign=sector-page-league-table&utm_content=i2642
Specialist Australian Shares Fund,https://citywire.comhttps://citywire.com/selector/fund/specialist-australian-shares-fund/c155567?utm_medium=website&utm_source=citywire_global&utm_campaign=sector-page-league-table&utm_content=i2642
Vanguard MSCI Australian Small Companies Index ETF,https://citywire.comhttps://citywire.com/selector/fund/vanguard-msci-australian-small-companies-index-etf/c790551?utm_medium=website&utm_source=citywire_global&utm_campaign=sector-page-league-table&utm_content=i2642
CFS MIF-Investors Mutual Future Leaders,https://citywire.comhttps://citywire.com/selector/fund/cfs-mif-investors-mutual-future-leaders/c152622?utm_medium=website&utm_source=citywire_global&utm_campaign=sector-page-league-table&utm_content=i2642
First Sentier Australian Small Companies,https://citywire.comhttps://citywire.com/selector/fund/first-sentier-australian-small-companies/c152639?utm_medium=website&utm_source=citywire_global&utm_campaign=sector-page-league-table&utm_content=i2642
Dimensional Australian Small Company Trust,https://citywire.comhttps://citywire.com/selector/fund/dimensional-australian-small-company-trust/c155359?utm_medium=website&utm_source=citywire_global&utm_campaign=sector-page-league-table&utm_content=i2642
QVG Opportunities Fund,https://citywire.comhttps://citywire.com/selector/fund/qvg-opportunities-fund/c726933?utm_medium=website&utm_source=citywire_global&utm_campaign=sector-page-league-table&utm_content=i2642
CFS FCW Pen-Infinity TTR SMID Australian Equity,https://citywire.comhttps://citywire.com/selector/fund/cfs-fcw-pen-infinity-ttr-smid-australian-equity/c928414?utm_medium=website&utm_source=citywire_global&utm_campaign=sector-page-league-table&utm_content=i2642
AIA SAP - CFS Wholesale Small Companies Fund - Core,https://citywire.comhttps://citywire.com/selector/fund/aia-sap-cfs-wholesale-small-companies-fund-core/c776158?utm_medium=website&utm_source=citywire_global&utm_campaign=sector-page-league-table&utm_content=i2642
Selector Australian Equities Fund,https://citywire.comhttps://citywire.com/selector/fund/selector-australian-equities-fund/c156322?utm_medium=website&utm_source=citywire_global&utm_campaign=sector-page-league-table&utm_content=i2642
Yarra Australian Smaller Companies Fund,https://citywire.comhttps://citywire.com/selector/fund/yarra-australian-smaller-companies-fund/c890936?utm_medium=website&utm_source=citywire_global&utm_campaign=sector-page-league-table&utm_content=i2642
Lennox Australian Small Companies Fund,https://citywire.comhttps://citywire.com/selector/fund/lennox-australian-small-companies-fund/c768870?utm_medium=website&utm_source=citywire_global&utm_campaign=sector-page-league-table&utm_content=i2642
Anacacia Wattle Fund,https://citywire.comhttps://citywire.com/selector/fund/anacacia-wattle-fund/c868469?utm_medium=website&utm_source=citywire_global&utm_campaign=sector-page-league-table&utm_content=i2642
CFS MIF-Macquarie Australian Emerging Companies,https://citywire.comhttps://citywire.com/selector/fund/cfs-mif-macquarie-australian-emerging-companies/c776279?utm_medium=website&utm_source=citywire_global&utm_campaign=sector-page-league-table&utm_content=i2642
Ausbil Global SmallCap Fund,https://citywire.comhttps://citywire.com/selector/fund/ausbil-global-smallcap-fund/c669860?utm_medium=website&utm_source=citywire_global&utm_campaign=sector-page-league-table&utm_content=i2642
ICE Fund,https://citywire.comhttps://citywire.com/selector/fund/ice-fund/c156320?utm_medium=website&utm_source=citywire_global&utm_campaign=sector-page-league-table&utm_content=i2642
First Sentier ex-20 Australian Share Fund,https://citywire.comhttps://citywire.com/selector/fund/first-sentier-ex-20-australian-share-fund/c878814?utm_medium=website&utm_source=citywire_global&utm_campaign=sector-page-league-table&utm_content=i2642
Invesco Wholesale Australian Smaller Companies Fund,https://citywire.comhttps://citywire.com/selector/fund/invesco-wholesale-australian-smaller-companies-fund/c150423?utm_medium=website&utm_source=citywire_global&utm_campaign=sector-page-league-table&utm_content=i2642
CFS FC Inv-CFS Aust Small Companies,https://citywire.comhttps://citywire.com/selector/fund/cfs-fc-inv-cfs-aust-small-companies/c152645?utm_medium=website&utm_source=citywire_global&utm_campaign=sector-page-league-table&utm_content=i2642
Longwave Australian Small Companies Fund,https://citywire.comhttps://citywire.com/selector/fund/longwave-australian-small-companies-fund/c865126?utm_medium=website&utm_source=citywire_global&utm_campaign=sector-page-league-table&utm_content=i2642
First Sentier Australian MidCap Fund,https://citywire.comhttps://citywire.com/selector/fund/first-sentier-australian-midcap-fund/c766940?utm_medium=website&utm_source=citywire_global&utm_campaign=sector-page-league-table&utm_content=i2642
AMP Capital Specialist Australian Small Companies Fund,https://citywire.comhttps://citywire.com/selector/fund/amp-capital-specialist-australian-small-companies-fund/c151328?utm_medium=website&utm_source=citywire_global&utm_campaign=sector-page-league-table&utm_content=i2642
Perpetual Smaller Companies Fund,https://citywire.comhttps://citywire.com/selector/fund/perpetual-smaller-companies-fund/c776038?utm_medium=website&utm_source=citywire_global&utm_campaign=sector-page-league-table&utm_content=i2642
Perpetual Smaller Companies No. 2,https://citywire.comhttps://citywire.com/selector/fund/perpetual-smaller-companies-no-2/c150884?utm_medium=website&utm_source=citywire_global&utm_campaign=sector-page-league-table&utm_content=i2642
BetaShares Australian Small Companies Select ETF,https://citywire.comhttps://citywire.com/selector/fund/betashares-australian-small-companies-select-etf/c726126?utm_medium=website&utm_source=citywire_global&utm_campaign=sector-page-league-table&utm_content=i2642
Microequities High Income Value Microcap Fund,https://citywire.comhttps://citywire.com/selector/fund/microequities-high-income-value-microcap-fund/c661269?utm_medium=website&utm_source=citywire_global&utm_campaign=sector-page-league-table&utm_content=i2642
SPDRÂ® S&P/ASX Small Ordinaries ETF,https://citywire.comhttps://citywire.com/selector/fund/spdr-s-and-p-or-asx-small-ordinaries-etf/c740721?utm_medium=website&utm_source=citywire_global&utm_campaign=sector-page-league-table&utm_content=i2642
Perennial Value Emerging Companies Trust,https://citywire.comhttps://citywire.com/selector/fund/perennial-value-emerging-companies-trust/c848344?utm_medium=website&utm_source=citywire_global&utm_campaign=sector-page-league-table&utm_content=i2642
iShares S&P/ASX Small Ordinaries ETF,https://citywire.comhttps://citywire.com/selector/fund/ishares-s-and-p-or-asx-small-ordinaries-etf/c789869?utm_medium=website&utm_source=citywire_global&utm_campaign=sector-page-league-table&utm_content=i2642
Montgomery Small Companies Fund,https://citywire.comhttps://citywire.com/selector/fund/montgomery-small-companies-fund/c846592?utm_medium=website&utm_source=citywire_global&utm_campaign=sector-page-league-table&utm_content=i2642
Microequities Pure Microcap Value Fund,https://citywire.comhttps://citywire.com/selector/fund/microequities-pure-microcap-value-fund/c661270?utm_medium=website&utm_source=citywire_global&utm_campaign=sector-page-league-table&utm_content=i2642
DNR Capital Australian Emerging Companies Fund,https://citywire.comhttps://citywire.com/selector/fund/dnr-capital-australian-emerging-companies-fund/c665178?utm_medium=website&utm_source=citywire_global&utm_campaign=sector-page-league-table&utm_content=i2642
Yarra Emerging Leaders Fund,https://citywire.comhttps://citywire.com/selector/fund/yarra-emerging-leaders-fund/c150930?utm_medium=website&utm_source=citywire_global&utm_campaign=sector-page-league-table&utm_content=i2642
First Sentier Australian Small Companies Long Short Opportunities Fund,https://citywire.comhttps://citywire.com/selector/fund/first-sentier-australian-small-companies-long-short-opportunities-fund/c914063?utm_medium=website&utm_source=citywire_global&utm_campaign=sector-page-league-table&utm_content=i2642
Perennial Value Emerging Industrial Trust,https://citywire.comhttps://citywire.com/selector/fund/perennial-value-emerging-industrial-trust/c898872?utm_medium=website&utm_source=citywire_global&utm_campaign=sector-page-league-table&utm_content=i2642
Elston Australian Emerging Leaders Fund,https://citywire.comhttps://citywire.com/selector/fund/elston-australian-emerging-leaders-fund/c894564?utm_medium=website&utm_source=citywire_global&utm_campaign=sector-page-league-table&utm_content=i2642
Perennial Better Future Fund,https://citywire.comhttps://citywire.com/selector/fund/perennial-better-future-fund/c867805?utm_medium=website&utm_source=citywire_global&utm_campaign=sector-page-league-table&utm_content=i2642
VanEck Small Companies Masters ETF,https://citywire.comhttps://citywire.com/selector/fund/vaneck-small-companies-masters-etf/c724539?utm_medium=website&utm_source=citywire_global&utm_campaign=sector-page-league-table&utm_content=i2642
Microequities Deep Value Fund,https://citywire.comhttps://citywire.com/selector/fund/microequities-deep-value-fund/c568663?utm_medium=website&utm_source=citywire_global&utm_campaign=sector-page-league-table&utm_content=i2642
CFS FC-Eiger Australian Small Companies,https://citywire.comhttps://citywire.com/selector/fund/cfs-fc-eiger-australian-small-companies/c900377?utm_medium=website&utm_source=citywire_global&utm_campaign=sector-page-league-table&utm_content=i2642
Smallco Investment Fund,https://citywire.comhttps://citywire.com/selector/fund/smallco-investment-fund/c153003?utm_medium=website&utm_source=citywire_global&utm_campaign=sector-page-league-table&utm_content=i2642
Perennial Better Future Trust,https://citywire.comhttps://citywire.com/selector/fund/perennial-better-future-trust/c647235?utm_medium=website&utm_source=citywire_global&utm_campaign=sector-page-league-table&utm_content=i2642
OC Mid Cap Fund,https://citywire.comhttps://citywire.com/selector/fund/oc-mid-cap-fund/c934794?utm_medium=website&utm_source=citywire_global&utm_campaign=sector-page-league-table&utm_content=i2642
Celeste Australian Small Companies Fund,https://citywire.comhttps://citywire.com/selector/fund/celeste-australian-small-companies-fund/c154979?utm_medium=website&utm_source=citywire_global&utm_campaign=sector-page-league-table&utm_content=i2642
Eiger Australian Small Companies Fund,https://citywire.comhttps://citywire.com/selector/fund/eiger-australian-small-companies-fund/c863861?utm_medium=website&utm_source=citywire_global&utm_campaign=sector-page-league-table&utm_content=i2642
Perennial Value Smaller Companies Trust,https://citywire.comhttps://citywire.com/selector/fund/perennial-value-smaller-companies-trust/c150197?utm_medium=website&utm_source=citywire_global&utm_campaign=sector-page-league-table&utm_content=i2642
Perennial Value Microcap Opportunities,https://citywire.comhttps://citywire.com/selector/fund/perennial-value-microcap-opportunities/c585586?utm_medium=website&utm_source=citywire_global&utm_campaign=sector-page-league-table&utm_content=i2642
Regal Australian Small Companies Fund,https://citywire.comhttps://citywire.com/selector/fund/regal-australian-small-companies-fund/c756998?utm_medium=website&utm_source=citywire_global&utm_campaign=sector-page-league-table&utm_content=i2642
The Elvest Fund,https://citywire.comhttps://citywire.com/selector/fund/the-elvest-fund/c908885?utm_medium=website&utm_source=citywire_global&utm_campaign=sector-page-league-table&utm_content=i2642
Clime Smaller Companies Fund,https://citywire.comhttps://citywire.com/selector/fund/clime-smaller-companies-fund/c631431?utm_medium=website&utm_source=citywire_global&utm_campaign=sector-page-league-table&utm_content=i2642
Microequities Emerging Companies Value Fund,https://citywire.comhttps://citywire.com/selector/fund/microequities-emerging-companies-value-fund/c873527?utm_medium=website&utm_source=citywire_global&utm_campaign=sector-page-league-table&utm_content=i2642
CFS FC Inv-OC Premium Small Companies,https://citywire.comhttps://citywire.com/selector/fund/cfs-fc-inv-oc-premium-small-companies/c757748?utm_medium=website&utm_source=citywire_global&utm_campaign=sector-page-league-table&utm_content=i2642
CFS FC-OC Premium Small Companies,https://citywire.comhttps://citywire.com/selector/fund/cfs-fc-oc-premium-small-companies/c757749?utm_medium=website&utm_source=citywire_global&utm_campaign=sector-page-league-table&utm_content=i2642
Spatium Small Companies Fund,https://citywire.comhttps://citywire.com/selector/fund/spatium-small-companies-fund/c872649?utm_medium=website&utm_source=citywire_global&utm_campaign=sector-page-league-table&utm_content=i2642
CFS FC W PSup-Bennelong ex-20 Aust Eq,https://citywire.comhttps://citywire.com/selector/fund/cfs-fc-w-psup-bennelong-ex-20-aust-eq/c757747?utm_medium=website&utm_source=citywire_global&utm_campaign=sector-page-league-table&utm_content=i2642
CFS FC Inv-Bennelong ex-20 Australian Equities,https://citywire.comhttps://citywire.com/selector/fund/cfs-fc-inv-bennelong-ex-20-australian-equities/c757746?utm_medium=website&utm_source=citywire_global&utm_campaign=sector-page-league-table&utm_content=i2642
Contact Australian Ex-50 Fund,https://citywire.comhttps://citywire.com/selector/fund/contact-australian-ex-50-fund/c878458?utm_medium=website&utm_source=citywire_global&utm_campaign=sector-page-league-table&utm_content=i2642
Bennelong Wholesale Plus ex-20 Australian Equities Fund,https://citywire.comhttps://citywire.com/selector/fund/bennelong-wholesale-plus-ex-20-australian-equities-fund/c755590?utm_medium=website&utm_source=citywire_global&utm_campaign=sector-page-league-table&utm_content=i2642
Bennelong ex-20 Australian Equities Fund,https://citywire.comhttps://citywire.com/selector/fund/bennelong-ex-20-australian-equities-fund/c273461?utm_medium=website&utm_source=citywire_global&utm_campaign=sector-page-league-table&utm_content=i2642
Ganes Focused Value Fund,https://citywire.comhttps://citywire.com/selector/fund/ganes-focused-value-fund/c156063?utm_medium=website&utm_source=citywire_global&utm_campaign=sector-page-league-table&utm_content=i2642
EGP Concentrated Value Fund,https://citywire.comhttps://citywire.com/selector/fund/egp-concentrated-value-fund/c620302?utm_medium=website&utm_source=citywire_global&utm_campaign=sector-page-league-table&utm_content=i2642
Ellerston Mid Cap Opportunities Fund,https://citywire.comhttps://citywire.com/selector/fund/ellerston-mid-cap-opportunities-fund/c943207?utm_medium=website&utm_source=citywire_global&utm_campaign=sector-page-league-table&utm_content=i2642
