document_id,shareholder_name,event_date,present_votes,present_power,number_of_securities,ticker,previous_votes,previous_power,present_votes_affected,number_of_securities_affected
2024100102860486,"LIND GLOBAL FUND II LP (""LGF II"") AND THE LIND PARTNERS",2024-10-01,0.0,20000000.0,7.0,14D,,,,
2024040902793779,FIL LIMITED,2024-04-09,30303030.0,5.6,30303030.0,3DA,,,,
2025021802914166,INDUSTRY SUPER HOLDINGS PTY. LTD.,2025-02-18,36406926.0,5.32,36406926.0,3DA,,,,
2025022102915914,HOST-PLUS PTY LIMITED,2025-02-21,36406926.0,5.32,36406926.0,3DA,,,,
2024070402824644,PAUL TORRANCE,2024-07-04,141466003.0,49.36,141466003.0,AAL,,,,
2024070502825444,SALTER BROTHERS EMERGING COMPANIES LIMITED,2024-07-05,22850000.0,7.9,22850000.0,AAL,,,,
2024070102823226,MA FINANCIAL GROUP LIMITED,2024-07-01,16000000.0,5.58,16000000.0,AAL,,,,
2024123002899523,REGAL FUNDS MANAGEMENT PTY LTD AND ITS ASSOCIATES,2024-12-30,29638913.0,5.51,29638913.0,AL3,,,,
2024091002850782,DAVID SINGLETON AND JILL SINGLETON,2024-09-10,32827908.0,5.3028,32827908.0,ANG,,,,
2025031902926768,CITIGROUP GLOBAL MARKETS AUSTRALIA PTY LIMITED,2025-03-19,27043837.0,6.5022,27043837.0,ASB,,,,
2025031802925952,HANWHA,2025-03-18,,,,ASB,,,,
2025032002927194,STATE STREET CORPORATION,2025-03-20,21273225.0,5.11,21273225.0,ASB,,,,
2025040802934295,JARDEN AUSTRALIA PTY LIMITED,2025-04-08,,,,ASB,,,,
2024112202884664,IDA PRATIGNJO LAU,2024-11-22,11807256.0,8.16,11807256.0,BMH,,,,
2025042202937990,MUTUAL STREET PTY LTD,2025-04-22,12707614.0,8.78,12707614.0,BMH,,,,
2025022502916888,PHOENIX PORTFOLIOS PTY LTD,2025-02-25,2203337.0,5.32,2203337.0,BOL,,,,
2024091302852150,PATRICK JOHN TALLON AND ASSOCIATES,2024-09-13,97620806.0,19.23,97620806.0,CVL,,,,
2024091302852151,JAMES FINBARR FITZGERALD AND OLIVE THERESA FITZGERALD AS TRUSTEES FOR THE JF AND OT FITZGERALD FAMILY TRUST,2024-09-13,97720806.0,19.25,97720806.0,CVL,,,,
2024071202827309,AUSTRALIAN MEAT INDUSTRY SUPERANNUATION PTY LTD AS TRUSTEE FOR AUSTRALIAN MEAT INDUSTRY SUPERANNUATION TRUST,2024-07-12,27633000.0,19.87,27633000.0,DDB,,,,
2024080502835598,HARVEST LANE ASSET MANAGEMENT PTY LTD,2024-08-05,7148223.0,5.14,7148223.0,DDB,,,,
2025050202942713,STATE STREET CORPORATION,2025-05-02,45871215.0,5.25,45871215.0,DRO,,,,
2025043002941456,STATE STREET CORPORATION,2025-04-30,45641593.0,5.22,45641593.0,DRO,,,,
2025042802939415,JPMORGAN CHASE & CO. AND ITS AFFILIATES,2025-04-28,46373343.0,5.31,46373343.0,DRO,,,,
2024122702899059,VANGUARD GROUP,2024-12-27,47669725.0,5.466,47669725.0,DRO,,,,
2025011402903100,STATE STREET CORPORATION AND SUBSIDIARIES NAMED IN PARAGRAPH 7 TO THIS FORM,2025-01-14,44086785.0,5.06,44086785.0,DRO,,,,
2025012102904609,J P MORGAN CHASE & CO. AND ITS AFFILIATES,2025-01-21,44114341.0,5.06,44114341.0,DRO,,,,
2025020402909130,J P MORGAN CHASE & CO. AND ITS AFFILIATES,2025-02-04,46152928.0,5.29,46152928.0,DRO,,,,
2025022402916631,REGAL FUNDS MANAGEMENT PTY LTD AND ITS ASSOCIATES,2025-02-24,49623248.0,5.69,49623248.0,DRO,,,,
2024061202816678,EACH OF THE PARTIES SET OUT IN ITEM 7,2024-06-12,1451382.0,5.01,1451382.0,ECL,,,,
2024030802782934,EACH OF THE PARTIES SET OUT IN ITEM 7,2024-03-08,1641028.0,5.315,1641028.0,ECL,,,,
2024050202802789,CHALLENGER LIMITED,2024-05-02,18724807.0,5.01,,EGL,,,,
2024050202802781,GREENCAPE CAPITAL PTY LTD,2024-05-02,18724807.0,5.01,,EGL,,,,
2024090202847833,M&G INVESTMENTS (SINGAPORE) PTE. LTD.,2024-09-02,481927803.0,10.06,481927803.0,FBR,,,,
2024072902832461,SCHRODER INVESTMENT MANAGEMENT AUSTRALIA LIMITED,2024-07-29,40247189.0,5.14,40247189.0,FBU,,,,
2025041002935073,FOS CAPITAL LIMITED,2025-04-10,705.0,7.05,35000000.0,FOS,,,,
2024112202884166,VANGUARD GROUP,2024-11-22,13315278.0,5.021,13315278.0,GWA,,,,
2024102802872757,MITSUBISHI UFJ FINANCIAL GROUP INC,2024-10-28,13271115.0,5.0,13271115.0,GWA,,,,
2024102502871922,FIRST SENTIER INVESTORS HOLDINGS PTY LIMITED,2024-10-25,13271115.0,5.0,13271115.0,GWA,,,,
2024022102775131,JWT HOLDINGS PTY LTD,2024-02-21,5214403.0,5.08,5214403.0,HCL,,,,
2024101402865932,JAMES FAMILY INVESTMENTS LTD,2024-10-14,68000777.0,14.26,68000777.0,HNG,,,,
2025041702937746,H&G HIGH CONVICTION LIMITED,2025-04-17,63688260.0,11.7,63688260.0,HNG,,,,
2024062102819810,ROBERT WILLIAM BENTLEY MORRISON,2024-06-21,47161034.0,5.04,47161034.0,IFT,,,,
2024050102802276,FIRSTCAPE GROUP LIMITED,2024-05-01,51108221.0,6.14,51108221.0,IFT,,,,
2024120402890415,GREENCAPE CAPITAL PTY LTD,2024-12-04,5312843.0,5.12,,IPG,,,,
2024120402890445,CHALLENGER LIMITED (AND ITS ENTITIES LISTED IN ANNEXURE 2),2024-12-04,5312843.0,5.12,,IPG,,,,
2024112702886509,MA FINANCIAL GROUP LIMITED,2024-11-27,5702984.0,5.5,5702984.0,IPG,,,,
2024111802881955,PLATYPUS ASSET MANAGEMENT,2024-11-18,5538634.0,5.34,,IPG,,,,
2024100802863786,QVG CAPITAL PTY LTD,2024-10-08,5620250.0,5.42,5620250.0,IPG,,,,
2025032502928628,CITIGROUP GLOBAL MARKETS AUSTRALIA PTY LIMITED,2025-03-25,-105571.0,,,JLG,,,,
2025012802906411,AUSTRALIANSUPER PTY LTD,2025-01-28,14418130.0,5.12,14418130.0,JLG,,,,
2025022002915484,STATE STREET CORPORATION AND SUBSIDIARIES NAMED IN PARAGRAPH 7 TO THIS FORM,2025-02-20,14304408.0,5.08,14304408.0,JLG,,,,
2025031002922951,STATE STREET CORPORATION,2025-03-10,14792800.0,5.23,14792800.0,JLG,,,,
2025032402928127,CITIGROUP GLOBAL MARKETS AUSTRALIA PTY LIMITED,2025-03-24,14691818.0,5.1894,,JLG,,,,
2025040202931939,STATE STREET CORPORATION,2025-04-02,14418450.0,5.09,14418450.0,JLG,,,,
2025043002941463,STATE STREET CORPORATION,2025-04-30,15389208.0,5.44,15389208.0,JLG,,,,
2025040702933745,STATE STREET CORPORATION,2025-04-07,16714501.0,5.9,16714501.0,JLG,,,,
2025042402939353,STATE STREET CORPORATION AND SUBSIDIARIES NAMED IN PARAGRAPH 7 TO THIS FORM,2025-04-24,14949425.0,5.28,14949425.0,JLG,,,,
2024082802844736,FISHER FUNDS MANAGEMENT LIMITED,2024-08-28,14020322.0,5.0339,14020322.0,JLG,,,,
2025041702937886,STATE STREET CORPORATION AND SUBSIDIARIES,2025-04-17,15749282.0,5.561,15749282.0,JLG,,,,
2024111202879748,PERPETUAL LIMITED AND ITS RELATED BODIES CORPORATE,2024-11-12,588266.0,5.006,588266.0,KOV,,,,
2024092302855643,BLACKROCK GROUP,2024-09-23,4913895.0,5.0,4913895.0,MND,,,,
2024100102860491,BLACKROCK GROUP,2024-10-01,4914673.0,5.0,4914673.0,MND,,,,
2024100302861766,BLACKROCK GROUP,2024-10-03,4941769.0,5.02,4941769.0,MND,,,,
2024091202851677,BLACKROCK GROUP,2024-09-12,4914089.0,5.0,4914089.0,MND,,,,
2025042202937983,BLACKROCK GROUP,2025-04-22,4961169.0,5.01,4961169.0,MND,,,,
2025031002923012,MAYBANK SECURITIES PTE. LTD.,2025-03-10,10000000.0,7.18,10000000.0,MPW,,,,
2024091202851640,STATE STREET CORPORATION AND SUBSIDIARIES,2024-09-12,22799881.0,5.01,22799881.0,NWH,,,,
2024090602850063,STATE STREET CORPORATION AND SUBSIDIARIES NAMED IN PARAGRAPH 7 TO THIS FORM,2024-09-06,22848225.0,5.02,22848225.0,NWH,,,,
2024110702878300,STATE STREET CORPORATION AND SUBSIDIARIES NAMED IN PARAGRAPH 7 TO THIS FORM,2024-11-07,22950074.0,5.02,22950074.0,NWH,,,,
2024091702853316,STATE STREET CORPORATION AND SUBSIDIARIES NAMED IN PARAGRAPH 7 TO THIS FORM,2024-09-17,24550727.0,5.39,24550727.0,NWH,,,,
2024102302870487,STATE STREET CORPORATION AND SUBSIDIARIES NAMED IN PARAGRAPH 7 TO THIS FORM,2024-10-23,23153865.0,5.06,23153865.0,NWH,,,,
2024101702868019,STATE STREET CORPORATION AND SUBSIDIARIES NAMED IN PARAGRAPH 7 TO THIS FORM,2024-10-17,22085927.0,5.01,22085927.0,NWH,,,,
2024100702863403,STATE STREET CORPORATION AND SUBSIDIARIES,2024-10-07,23303364.0,5.1,23303364.0,NWH,,,,
2025032802929955,AUSTRALIAN RETIREMENT TRUST PTY LTD ATF AUSTRALIAN RETIREMENT TRUST,2025-03-28,22995770.0,5.03,22995770.0,NWH,,,,
2024091902854362,STATE STREET CORPORATION AND SUBSIDIARIES NAMED IN PARAGRAPH 7 TO THIS FORM,2024-09-19,23561779.0,5.18,23561779.0,NWH,,,,
2024061802818617,MACQUARIE GROUP LIMITED,2024-06-18,7826257.0,5.36,7826257.0,OEC,,,,
2024062702821461,MACQUARIE GROUP LIMITED,2024-06-27,7841219.0,5.37,7841219.0,OEC,,,,
2024080102834730,CLEAR PORT AUS PTY LTD,2024-08-01,11731751.0,5.53,11731751.0,OLH,,,,
2024031402785145,PERPETUAL LIMITED AND ITS RELATED BODIES CORPORATE,2024-03-14,26982859.0,5.138,26982859.0,RDX,,,,
2024020602769809,CLAUDIA WALTERS,2024-02-06,41869854.0,7.97,41869854.0,RDX,,,,
2024091302852577,FIL LIMITED,2024-09-13,26295972.0,5.01,26295972.0,RDX,,,,
2024022802778595,JON EDWARDS,2024-02-28,7500000.0,5.83,7500000.0,REM,,,,
2024022702777850,FIL LIMITED,2024-02-27,43508324.0,5.51,43508324.0,RWC,,,,
2024080602836034,STATE STREET CORPORATION AND SUBSIDIARIES NAMED IN PARAGRAPH 7 TO THIS FORM,2024-08-06,39525794.0,5.03,39525794.0,RWC,,,,
2024041602796131,STATE STREET CORPORATION AND SUBSIDIARIES NAMED IN ANNEXURES TO THIS FORM,2024-04-16,40085957.0,5.07,40085957.0,RWC,,,,
2024040202790578,STATE STREET CORPORATION AND SUBSIDIARIES NAMED IN ANNEXURES TO THIS FORM,2024-04-02,39512808.0,5.0,39512808.0,RWC,,,,
2024032802790389,STATE STREET CORPORATION AND SUBSIDIARIES NAMED IN ANNEXURES TO THIS FORM,2024-03-28,39472357.0,5.0,39472357.0,RWC,,,,
2024022802778864,STATE STREET CORPORATION AND SUBSIDIARIES NAMED IN ANNEXURES TO THIS FORM,2024-02-28,39869388.0,5.05,,RWC,,,,
2024030602782065,STATE STREET CORPORATION AND SUBSIDIARIES NAMED IN ANNEXURES TO THIS FORM,2024-03-06,40700169.0,5.15,,RWC,,,,
2024061702818099,MICHAEL REGINALD DOUST,2024-06-17,8666942.0,7.51,8666942.0,SGI,,,,
2024061702818028,JES INVESTMENT TRUST,2024-06-17,5777961.0,5.01,5777961.0,SGI,,,,
2024070302824082,MATTHEW JINKS MASSY PTY LTD JIREB PTY LTD KRISTIE JINKS LISA JINKS JINKS FAMILY GROUP,2024-07-03,23936598.0,21.41,23936598.0,SKS,,,,
2024120402890159,AHRENS GROUP PTY LTD,2024-12-04,6333000.0,5.34,6333000.0,SND,,,,
2025032502928626,CITIGROUP GLOBAL MARKETS AUSTRALIA PTY LIMITED,2025-03-25,37068546.0,6.1376,37068546.0,SRG,,,,
2025041702937441,VANGUARD GROUP,2025-04-17,30288197.0,5.015,30288197.0,SRG,,,,
2024070302823971,DIMENSIONAL ENTITIES,2024-07-03,,,,SSM,,,,
2024092602858001,PINNACLE INVESTMENT MANAGEMENT GROUP LIMITED,2024-09-26,31245880.0,5.07,31245880.0,SSM,,,,
2025040202931820,AUSTRALIAN RETIREMENT TRUST PTY LTD ATF AUSTRALIAN RETIREMENT TRUST,2025-04-02,32124918.0,5.215,32124918.0,SSM,,,,
2025031102923054,VANGUARD GROUP,2025-03-11,30813671.0,5.003,30813671.0,SSM,,,,
2025041702937442,VANGUARD GROUP,2025-04-17,31124407.0,5.053,31124407.0,SSM,,,,
2024060702815649,WILSON ASSET MANAGEMENT GROUP,2024-06-07,31971847.0,5.19,,SSM,,,,
2024112502885147,RAYMOND DANDO,2024-11-25,36714891.0,15.55,36714891.0,SYL,,,,
2024112502885146,JOSEPH BARTOLO,2024-11-25,73429782.0,31.02,73429782.0,SYL,,,,
2024112502885143,ANDREW FAIRBAIRN,2024-11-25,36714891.0,15.55,36714891.0,SYL,,,,
2024050102802310,MARK GABRIEL VARTULI / VARS ENTERPRISES PTY LTD / MEAGAN JOY VARTULI,2024-05-01,40120870.0,18.4,40120870.0,TEA,,,,
2024050102802309,STEPHEN ELLIOTT YOUNG / PORT TACK PTY LTD / MARESA PTY LTD,2024-05-01,90646956.0,41.6,90646956.0,TEA,,,,
2024032802790193,AWARE SUPER PTY LTD AS TRUSTEE OF AWARE SUPER,2024-03-28,43487026.0,5.06,43487026.0,VNT,,,,
2024121802896361,AWARE SUPER PTY LTD AS TRUSTEE OF AWARE SUPER,2024-12-18,45118092.0,5.27,45118092.0,VNT,,,,
2024022202776012,AWARE SUPER PTY LTD AS TRUSTEE OF AWARE SUPER,2024-02-22,42838519.0,5.01,42838519.0,VNT,,,,
2025042402939291,NORTHCAPE CAPITAL PTY LTD,2025-04-24,42183233.0,5.0,42183233.0,VNT,,,,
2024042402799180,STATE STREET CORPORATION AND SUBSIDIARIES NAMED IN ANNEXURES TO THIS FORM,2024-04-24,48329890.0,5.65,48329890.0,VNT,,,,
2024022902779765,AWARE SUPER PTY LTD AS TRUSTEE OF AWARE SUPER,2024-02-29,43106837.0,5.04,43106837.0,VNT,,,,
2024031902786742,STATE STREET CORPORATION AND SUBSIDIARIES NAMED IN ANNEXURES TO THIS FORM,2024-03-19,43824447.0,5.12,,VNT,,,,
2024052902811562,BLACKROCK GROUP,2024-05-29,43126842.0,5.04,43126842.0,VNT,,,,
2024051402806388,STATE STREET CORPORATION AND SUBSIDIARIES NAMED IN ANNEXURES TO THIS FORM,2024-05-14,45396873.0,5.31,45396873.0,VNT,,,,
2024031302784580,STATE STREET CORPORATION AND SUBSIDIARIES NAMED IN ANNEXURES TO THIS FORM,2024-03-13,44984373.0,5.26,,VNT,,,,
2024051402806371,BLACKROCK GROUP,2024-05-14,42834311.0,5.0,42834311.0,VNT,,,,
2024092602857438,VANGUARD GROUP,2024-09-26,26765760.0,5.065,26765760.0,WOR,,,,
2024050102802394,CITIGROUP GLOBAL MARKETS AUSTRALIA PTY LIMITED,2024-05-01,100584829.0,19.0934,,WOR,,,,
2024050602803915,L1 CAPITAL PTY LTD AND EACH OF THE ENTITIES SET OUT IN ANNEXURE A,2024-05-06,26851222.0,5.1,,WOR,,,,
2024121202893792,"LIND GLOBAL FUND II LP (""LGF II"") AND THE LIND PARTNERS LLC (TOGETHER ""LIND"")",2024-12-12,17291801.0,6.22,,14D,20000000.0,7.24,,
2024062402820071,PEGASUS GROWTH CAPITAL FUND I LP,2024-06-24,191724968.0,35.32,,3DA,163524968.0,39.55,,
2025021902914754,PEGASUS GROWTH CAPITAL FUND I LP,2025-02-19,192124968.0,28.1,,3DA,192124968.0,31.24,,
2024092502857197,FIL LIMITED,2024-09-25,44656957.0,7.45,,3DA,30303030.0,5.6,,
2024092502856987,PEGASUS GROWTH CAPITAL FUND I LP,2024-09-25,192124968.0,32.05,,3DA,191724968.0,35.32,,
2025020702910808,MA FINANCIAL GROUP LIMITED,2025-02-07,23556113.0,8.22,,AAL,19056491.0,6.65,,
2024092402856547,MA FINANCIAL GROUP LIMITED,2024-09-24,19056491.0,6.65,,AAL,16000000.0,5.58,,
2025011702904131,PERENNIAL VALUE MANAGEMENT LIMITED (PVM),2025-01-17,26251524.0,835.0,,ACF,25467210.0,957.0,,
2024061402817473,ANDREW MICHAEL CLAYTON SALES,2024-06-14,33207707.0,8.92,,AL3,32499850.0,13.8,,
2024092002855557,['ANDREW MICHAEL CLAYTON SALES',2024-09-20,0.0,0.0,,AL3,0.0,0.0,,
2024091202852120,THORNEY INTERNATIONAL PTY LTD,2024-09-12,119666843.0,19.33,,ANG,121419194.0,20.7,,
2024040202791137,THORNEY OPPORTUNITIES LTD,2024-04-02,128724994.0,21.95,,ANG,135160772.0,23.17,,
2024051302806297,WILSON ASSET MANAGEMENT GROUP,2024-05-13,33868154.0,5.77,,ANG,51281320.0,8.75,,
2024040202791139,THORNEY INTERNATIONAL PTY LTD,2024-04-02,128724994.0,21.95,,ANG,135160772.0,23.17,,
2024122302898482,WILSON ASSET MANAGEMENT GROUP,2024-12-23,5690440.0,9.14,,ANG,46376320.0,7.91,,
2024061802818572,THORNEY OPPORTUNITIES LTD,2024-06-18,121419194.0,20.7,,ANG,128724994.0,21.95,,
2024091202852119,THORNEY OPPORTUNITIES LTD,2024-09-12,119666843.0,19.33,,ANG,121419194.0,20.7,,
2024061802818573,THORNEY INTERNATIONAL PTY LTD,2024-06-18,121419194.0,20.7,,ANG,128724994.0,21.95,,
2025031202924029,WILSON ASSET MANAGEMENT GROUP,2025-03-12,63449488.0,10.23,,ANG,56690440.0,9.14,,
2024081602839652,WILSON ASSET MANAGEMENT GROUP,2024-08-16,46376320.0,7.91,,ANG,39864878.0,6.8,,
2024061102816243,WILSON ASSET MANAGEMENT GROUP,2024-06-11,39864878.0,6.8,,ANG,33868154.0,5.77,,
2025020302909052,COPIA INVESTMENT PARTNERS LTD,2025-02-03,19805000.0,5.45,,ASB,23642947.0,6.52,,
2024102202869908,COPIA INVESTMENT PARTNERS LTD,2024-10-22,23642947.0,6.52,,ASB,18650000.0,5.15,,
2024072302830537,COLLINS ST ASSET MANAGEMENT ATF COLLINS ST VALUE FUND,2024-07-23,64054743.0,15.28,,BOL,60054743.0,14.2,,
2024052202809412,COLLINS ST ASSET MANAGEMENT ATF COLLINS ST VALUE FUND,2024-05-22,60054743.0,14.2,,BOL,50049802.0,11.7,,
2024060402813841,CUMULUS WEALTH,2024-06-04,257496960.0,10.3,,BPP,227669400.0,9.17,,
2024052202809461,MR GEOFFREY FREDERICK LORD,2024-05-22,676356354.0,27.05,,BPP,597343285.0,25.07,,
2024061702818046,RICHMOND HILL CAPITAL PTY LTD,2024-06-17,18950331.0,16.23,,CYG,18950331.0,17.28,,
2024052002808553,VIBURNUM FUNDS PTY LTD,2024-05-20,30403284.0,27.54,,CYG,28999105.0,26.45,,
2025043002941832,RICHMOND HILL CAPITAL PTY LTD,2025-04-30,23442214.0,19.65,,CYG,21998075.0,18.44,,
2024042902800479,RICHMOND HILL CAPITAL PTY LTD,2024-04-29,18950331.0,17.28,,CYG,18284989.0,19.8,,
2024091202851722,RICHMOND HILL CAPITAL PTY LTD,2024-09-12,20254979.0,17.34,,CYG,18950331.0,16.23,,
2024042602799628,VIBURNUM FUNDS PTY LTD,2024-04-26,28999105.0,26.45,,CYG,27716775.0,30.01,,
2024110402876520,RICHMOND HILL CAPITAL PTY LTD,2024-11-04,21998075.0,18.44,,CYG,20254979.0,17.34,,
2024082102841121,AUSTRALIAN MEAT INDUSTRY SUPERANNUATION PTY LTD AS TRUSTEE FOR AMIST,2024-08-21,91050048.0,65.485,,DDB,88909113.0,63.944,,
2024081502839201,AUSTRALIAN MEAT INDUSTRY SUPERANNUATION PTY LTD AS TRUSTEE FOR AMIST,2024-08-15,88909116.0,63.945,,DDB,87099903.0,62.643,,
2024081402838442,AUSTRALIAN MEAT INDUSTRY SUPERANNUATION PTY LTD,2024-08-14,87099903.0,62.643,,DDB,85686897.0,61.62,,
2024081202837758,HARVEST LANE ASSET MANAGEMENT AND ITS ASSOCIATED ENTITIES,2024-08-12,22313787.0,16.05,,DDB,20643074.0,14.85,,
2024081202837513,AUSTRALIAN MEAT INDUSTRY SUPERANNUATION PTY LTD,2024-08-12,85685894.0,61.627,,DDB,49792360.0,35.812,,
2024081202837501,AUSTRALIAN MEAT INDUSTRY SUPERANNUATION PTY LTD,2024-08-12,85685894.0,61.627,,DDB,49792360.0,33.812,,
2024080902837321,HARVEST LANE ASSET MANAGEMENT AND ITS ASSOCIATED ENTITIES,2024-08-09,20643074.0,14.85,,DDB,17788800.0,12.79,,
2024080802836661,AUSTRALIAN MEAT INDUSTRY SUPERANNUATION PTY LTD,2024-08-08,49792360.0,35.812,,DDB,47289574.0,34.012,,
2024080702836470,HARVEST LANE ASSET MANAGEMENT AND ITS ASSOCIATED ENTITIES,2024-08-07,17788800.0,12.79,,DDB,7148223.0,5.14,,
2024080702836219,AUSTRALIAN MEAT INDUSTRY SUPERANNUATION PTY LTD,2024-08-07,47289574.0,34.012,,DDB,27533000.0,19.8,,
2024072602831755,AUSTRALIAN MEAT INDUSTRY SUPERANNUATION PTY LTD AS TRUSTEE FOR AMIST,2024-07-26,27633000.0,19.87,,DDB,27633000.0,19.87,,
2024082202841824,AUSTRALIAN MEAT INDUSTRY SUPERANNUATION PTY LTD AS TRUSTEE FOR AMIST,2024-08-22,92032243.0,64.337,,DDB,91050048.0,65.485,,
2024071802829348,DAVID MATTHEW KINNERSLEY,2024-07-18,8524500.0,6.13,,DDB,16250000.0,13.78,,
2024071802829331,GOLDFIRE ENTERPRISES PTY LTD,2024-07-18,18834847.0,13.54,,DDB,21421372.0,15.92,,
2024090202847435,AUSTRALIAN MEAT INDUSTRY SUPERANNUATION PTY LTD AS TRUSTEE FOR AMIST,2024-09-02,116105764.0,81.108,,DDB,92032243.0,64.337,,
2024090402848593,AUSTRALIAN MEAT INDUSTRY SUPERANNUATION PTY LTD AS TRUSTEE FOR AMIST,2024-09-04,117646552.0,82.185,,DDB,116105764.0,81.108,,
2024090902850146,AUSTRALIAN MEAT INDUSTRY SUPERANNUATION PTY LTD AS TRUSTEE FOR AMIST,2024-09-09,119138045.0,83.227,,DDB,117646552.0,82.185,,
2024091002850720,AUSTRALIAN MEAT INDUSTRY SUPERANNUATION PTY LTD AS TRUSTEE FOR AMIST,2024-09-10,141687376.0,98.979,,DDB,119138045.0,83.227,,
2025040802934253,REGAL FUNDS MANAGEMENT PTY LIMITED,2025-04-08,81913263.0,9.38,,DRO,72503588.0,8.31,,
2025040102930912,J P MORGAN CHASE & CO. AND ITS AFFILIATES,2025-04-01,45752965.0,5.24,,DRO,55309920.0,6.34,,
2025031302924649,JPMORGAN CHASE & CO. AND ITS AFFILIATES,2025-03-13,55309920.0,6.34,,DRO,46152928.0,5.29,,
2025031202924024,REGAL FUNDS MANAGEMENT PTY LIMITED AND ITS ASSOCIATES,2025-03-12,72503858.0,8.31,,DRO,62987745.0,7.22,,
2025030302920448,REGAL FUNDS MANAGEMENT PTY LIMITED AND ITS ASSOCIATES,2025-03-03,62987745.0,7.22,,DRO,49623248.0,5.69,,
2024032802790313,LONDON CITY EQUITIES LIMITED,2024-03-28,3699480.0,12.76,,ECL,3409326.0,11.76,,
2025010802901574,LONDON CITY EQUITIES LIMITED,2025-01-08,3991083.0,13.76,,ECL,3699480.0,12.76,,
2024112202884678,GREENCAPE CAPITAL PTY LTD,2024-11-22,29658532.0,7.79,,EGL,24261206.0,6.5,,
2025011602903775,CHALLENGER LIMITED,2025-01-16,35704882.0,9.38,,EGL,29658532.0,7.79,,
2024082702844055,GREENCAPE CAPITAL PTY LTD,2024-08-27,24261206.0,6.5,,EGL,18724807.0,5.01,,
2025011602903774,GREENCAPE CAPITAL PTY LTD,2025-01-16,35704882.0,9.38,,EGL,29658532.0,7.79,,
2024082702844076,CHALLENGER LIMITED,2024-08-27,24261206.0,6.5,,EGL,18724807.0,5.01,,
2024082602843360,DENISE RICHARDSON,2024-08-26,32535382.0,8.71,,EGL,38016832.0,10.38,,
2025022402916358,MIRRABOOKA INVESTMENTS LIMITED,2025-02-24,28860476.0,7.58,,EGL,22208191.0,6.12,,
2024112202884665,CHALLENGER LIMITED,2024-11-22,29658532.0,7.79,,EGL,24261206.0,6.5,,
2024091902854631,JALIE 2 PTY LTD <JALIE 2 A/C>,2024-09-19,28403913.0,7.46,,EGL,20337247.0,6.3,,
2025040702933654,ELPHINSTONE GROUP,2025-04-07,216554707.0,68.53,,EGN,216554707.0,68.64,,
2025030302920197,BLACK DIAMOND CAPITAL MANAGEMENT LLC,2025-03-03,210735380.0,40.65,,EHL,205532946.0,39.85,,
2024060502814303,BLACK DIAMOND CAPITAL MANAGEMENT LLC,2024-06-05,199634737.0,38.51,,EHL,192573006.0,37.15,,
2024121802896335,BLACK DIAMOND CAPITAL MANAGEMENT LLC,2024-12-18,205532946.0,39.55,,EHL,199634797.0,38.51,,
2024060402813927,BLACK DIAMOND,2024-06-04,116000000.0,3715.0,,EHL,108000000.0,345.0,,
2024060402813890,BLACK DIAMOND CAPITAL MANAGEMENT LLC,2024-06-04,192573005.0,37.15,,EHL,187360221.0,36.1,,
2025032602928911,EOS LOAN PLAN PTY LTD,2025-03-26,10990403.0,5.7,,EOS,11979343.0,7.95,,
2025040402932627,M&G PLC AND ITS SUBSIDIARY COMPANIES,2025-04-04,675518427.0,11.99,,FBR,655518427.0,13.02,,
2024081302837852,M&G PLC AND ITS SUBSIDIARY COMPANIES,2024-08-13,675518427.0,14.1,,FBR,489460042.0,12.33,,
2024081202837731,HORSLEY PARK HOLDINGS PTY LTD AND BRICKWORKS LIMITED,2024-08-12,731676967.0,15.27,,FBR,655348073.0,16.49,,
2025040402932884,MARK JOSEPH PIVAC,2025-04-04,333205167.0,5.91,,FBR,333205167.0,6.95,,
2025040402932728,HORSLEY PARK HOLDINGS PTY LTD AND BRICKWORKS LIMITED,2025-04-04,731676967.0,12.99,,FBR,731676967.0,15.27,,
2024081202837469,MARK JOSEPH PIVAC,2024-08-12,333205167.0,6.95,,FBR,358205167.0,8.07,,
2024120502890613,M&G PLC AND ITS SUBSIDIARY COMPANIES,2024-12-05,655518427.0,13.02,,FBR,675518427.0,14.1,,
2024082702844104,ALLAN GRAY GROUP,2024-08-27,118775568.0,15.168,,FBU,110889910.0,14.161,,
2024092402856591,SCHRODER INVESTMENT MANAGEMENT AUSTRALIA LTD AND ITS RELATED BODIES CORPORATE,2024-09-24,56097620.0,7.16,,FBU,40247189.0,5.14,,
2024100102860955,ALLAN GRAY GROUP,2024-10-01,181940961.0,17.701,,FBU,118775568.0,15.168,,
2024100302862104,SCHRODER INVESTMENT MANAGEMENT AUSTRALIA LTD AND ITS RELATED BODIES CORPORATE,2024-10-03,80199780.0,10.24,,FBU,56097620.0,7.16,,
2024100402862866,SCHRODER INVESTMENT MANAGEMENT AUSTRALIA LTD AND ITS RELATED BODIES CORPORATE,2024-10-04,80199780.0,7.8,,FBU,56097620.0,7.16,,
2024021302772091,ALLAN GRAY GROUP,2024-02-13,102821989.0,13.131,,FBU,93389979.0,11.927,,
2024041702796531,ALLAN GRAY GROUP,2024-04-17,110889910.0,14.161,,FBU,102821989.0,13.131,,
2024022702777620,SKM INVESTMENT GROUP PTY LTD,2024-02-27,30810000.0,57.26,,FOS,30750000.0,57.15,,
2025050502943373,SPHERIA ASSET MANAGEMENT PTY LTD,2025-05-05,18094570.0,6.82,,GWA,20868321.0,7.87,,
2024070202823789,PERPETUAL LIMITED AND ITS RELATED BODIES CORPORATE,2024-07-02,43151751.0,16.271,,GWA,40441849.0,15.249,,
2024052102809035,PERPETUAL LIMITED AND ITS RELATED BODIES CORPORATE,2024-05-21,40441849.0,15.249,,GWA,36866443.0,13.901,,
2024040902793739,PERPETUAL LIMITED AND ITS RELATED BODIES CORPORATE,2024-04-09,36866443.0,13.901,,GWA,31972059.0,12.055,,
2025032102927601,PERPETUAL LIMITED AND ITS RELATED BODIES CORPORATE,2025-03-21,46036967.0,17.359,,GWA,43151751.0,16.271,,
2024030502781265,SERY GROUP,2024-03-05,29374067.0,9.8,,HNG,29374067.0,10.83,,
2024030502781274,AD & MP BEARD ATF AD & MP BEARD SUPERANNUATION FUND,2024-03-05,31972332.0,10.67,,HNG,25694554.0,9.47,,
2024030502781415,MR. JAMES ROBERT BALDWIN,2024-03-05,15290656.0,5.1,,HNG,15290656.0,6.36,,
2025020502909903,PERENNIAL VALUE MANAGEMENT LIMITED,2025-02-05,496607807.0,10.34,,HNG,44230666.0,9.28,,
2024032602788899,SEE ANNEXURE A,2024-03-26,22336578.0,6.9,,HNG,24446578.0,9.0,,
2025042902940590,AD & MP BEARD ATF AD & MP BEARD SUPERANNUATION FUND,2025-04-29,37272332.0,6.85,,HNG,32172332.0,8.64,,
2025043002941090,JAMES FAMILY INVESTMENTS LTD,2025-04-30,68000777.0,12.5,,HNG,68000777.0,14.26,,
2024080702836368,SEE ANNEXURE A,2024-08-07,17918723.0,5.5,,HNG,24446578.0,9.0,,
2024101502866770,PERENNIAL VALUE MANAGEMENT LIMITED,2024-10-15,42230656.0,9.28,,HNG,31871074.0,10.64,,
2025050202942617,PERENNIAL VALUE MANAGEMENT LIMITED,2025-05-02,66751231.0,1227.0,,HNG,469867807.0,1034.0,,
2024091702853425,AD & MP BEARD ATF AD & MP BEARD SUPERANNUATION FUND,2024-09-17,32172332.0,8.64,,HNG,31972332.0,10.67,,
2024070102823159,PERENNIAL VALUE MANAGEMENT LIMITED,2024-07-01,31871074.0,10.64,,HNG,26094900.0,9.62,,
2024120502891071,FIRSTCAPE GROUP LIMITED,2024-12-05,49429531.0,5.114,,IFT,51108221.0,6.138,,
2024061302816749,COMET RESOURCES LIMITED,2024-06-13,32776319.0,16.93,,IG6,40000000.0,24.22,,
2024112802887545,MA FINANCIAL GROUP LIMITED,2024-11-28,8852984.0,8.54,,IPG,5702984.0,5.5,,
2025012802906369,MA FINANCIAL GROUP LIMITED,2025-01-28,10276024.0,9.91,,IPG,8852984.0,8.54,,
2024091002850748,MOHAMED YOOSUFF AND MARY YOOSUFF,2024-09-10,10284704.0,9.95,,IPG,11284704.0,10.92,,
2024083002846526,FISHER FUNDS MANAGEMENT LIMITED,2024-08-30,18080534.0,6.4917,,JLG,14020322.0,5.0339,,
2024092402856462,FISHER FUNDS MANAGEMENT LIMITED,2024-09-24,21146605.0,7.5925,,JLG,18080534.0,6.4917,,
2025030502921007,['THE CAPITAL GROUP COMPANIES INC',2025-03-05,0.0,0.0,,JLG,0.0,0.0,,
2025030302920036,THE CAPITAL GROUP COMPANIES INC,2025-03-03,19195116.0,6.82,,JLG,17606087.0,7.85,,
2024032002787034,UNIVERSAL-INVESTMENT-GESELLSCHAFT MIT BESCHRÃ„NKTER HAFTUNG,2024-03-20,5812789.0,4.999,,LBL,5851423.0,5.03,,
2024110102876115,PPK AUST. PTY LTD,2024-11-01,251235441.0,39.24,,LIS,320849069.0,50.12,,
2024120502890788,['WESLEY JON MAAS AND EMMA MARGARET MAAS',2024-12-05,0.0,0.0,,MGH,0.0,0.0,,
2024082602843372,WESLEY JON MAAS AND EMMA MARGARET MAAS,2024-08-26,175057159.0,53.38,,MGH,191351995.0,58.67,,
2024122702899055,VANGUARD GROUP,2024-12-27,6037462.0,6.114,,MND,4850964.0,5.035,,
2024030502781474,NAOS SUBSTANTIAL HOLDERS,2024-03-05,10005878.0,18.18,,MXI,10909862.0,19.82,,
2025022502917258,SPHERIA ASSET MANAGEMENT PTY LTD,2025-02-25,5856894.0,10.59,,MXI,6435701.0,11.69,,
2025022402916593,TELSTRA SUPER PTY LTD AS TRUSTEE FOR TELSTRA SUPERANNUATION SCHEME,2025-02-24,3662463.0,6.62,,MXI,4242484.0,7.71,,
2024052102809037,PERPETUAL LIMITED AND ITS RELATED BODIES CORPORATE,2024-05-21,6100926.0,11.06,,MXI,5465833.0,9.93,,
2024090302848279,PERPETUAL LIMITED AND ITS RELATED BODIES CORPORATE,2024-09-03,4978520.0,9.026,,MXI,6935313.0,12.57,,
2024060302813607,PERPETUAL LIMITED AND ITS RELATED BODIES CORPORATE,2024-06-03,6935313.0,12.57,,MXI,6100926.0,11.06,,
2024040402792117,PERPETUAL LIMITED AND ITS RELATED BODIES CORPORATE,2024-04-04,5465833.0,9.93,,MXI,4745911.0,8.622,,
2024060502814603,NAOS SUBSTANTIAL HOLDERS,2024-06-05,8695731.0,15.77,,MXI,10005878.0,18.18,,
2025042302938803,NAOS SUBSTANTIAL HOLDERS,2025-04-23,12063061.0,21.76,,MXI,10977724.0,19.9,,
2024090502849237,NAOS SUBSTANTIAL HOLDERS,2024-09-05,10977724.0,19.9,,MXI,8695731.0,15.77,,
2025031302924148,VANGUARD GROUP,2025-03-13,28251449.0,6.179,,NWH,23256528.0,5.177,,
2025012302905549,STATE STREET CORPORATION,2025-01-23,27710280.0,6.06,,NWH,22950074.0,5.02,,
2025013102908181,AUSTRALIAN RETIREMENT TRUST PTY LTD ATF AUSTRALIAN RETIREMENT TRUST,2025-01-31,23576441.0,5.157,,NWH,28149593.0,6.157,,
2024111102879122,AUSTRALIAN RETIREMENT TRUST PTY LTD ATF AUSTRALIAN RETIREMENT TRUST,2024-11-11,28149593.0,6.157,,NWH,22659166.0,5.001,,
2024071102827102,COMMONWEALTH BANK OF AUSTRALIA,2024-07-11,12187880.0,3.34,,OEC,13025631.0,3.99,,
2024112602886013,COMMONWEALTH BANK OF AUSTRALIA,2024-11-26,8758942.0,6.0,,OEC,10269805.0,7.03,,
2024112602885951,SUPPERANNUATION AND INVESTMENTS HOLDCO PTY LTD,2024-11-26,8758942.0,6.0,,OEC,10269805.0,7.03,,
2024071102827138,SUPERMANUATION AND INVESTMENTS HOLDCO PTY LTD,2024-07-11,12187880.0,834.0,,OEC,13025631.0,939.0,,
2024121702895862,BONEYARD INVESTMENTS PTY LTD,2024-12-17,28439941.0,17.36,,OEC,22385925.0,16.13,,
2024121602894845,UIL LIMITED,2024-12-16,54312449.0,33.05,,OEC,45287679.0,31.06,,
2024072402831035,COMMONWEALTH BANK OF AUSTRALIA,2024-07-24,10269805.0,7.03,,OEC,12187888.0,8.34,,
2024072402831014,SUPERMANUATION AND INVESTMENTS HOLDIC,2024-07-24,10269805.0,703.0,,OEC,12187880.0,834.0,,
2024080102834665,WILLIAM LEWIS TIMMS AND CAROLYN JANE TIMMS,2024-08-01,39284528.0,18.53,,OLH,39348428.0,19.72,,
2024020502769488,RICHARD CONELIANO,2024-02-05,70492961.0,13.43,,RDX,0.0,0.0,,
2025030602921860,FIL LIMITED,2025-03-06,33745059.0,6.43,,RDX,26295972.0,5.01,,
2024051602807721,VALRICH SUPERANNUATION PTY LTD,2024-05-16,28499153.0,17.28,,REM,15999153.0,12.43,,
2024022802778596,OMNIVEST PTY LTD ATF THE CLEGG SUPERANNUATION FUND,2024-02-28,7888786.0,6.13,,REM,7694859.0,9.67,,
2024022802778597,VALRICH SUPERANNUATION PTY LTD,2024-02-28,15999153.0,12.43,,REM,14811653.0,18.36,,
2024022802778599,ADRIAN JOHN HOLLIS,2024-02-28,13408422.0,10.42,,REM,12814473.0,16.12,,
2024031202783984,JON EDWARDS,2024-03-12,12500000.0,8.34,,REM,7500000.0,5.83,,
2024111102879287,STATE STREET CORPORATION AND SUBSIDIARIES NAMED IN PARAGRAPH 6 TO THIS FORM,2024-11-11,47114867.0,6.04,,RWC,39525794.0,5.03,,
2025031202923936,['YARRA CAPITAL MANAGEMENT LIMITED',2025-03-12,44466887.0,5.7,,RWC,53895906.0,6.82,,
2024022602777293,YARRA CAPITAL MANAGEMENT LIMITED,2024-02-26,66096331.0,8.37,,RWC,74889341.0,9.48,,
2024042602799651,YARRA CAPITAL MANAGEMENT LIMITED ACN 003 376 252,2024-04-26,53895906.0,6.82,,RWC,66096331.0,8.37,,
2024101702868006,AUSTRALIANSUPER PTY LTD,2024-10-17,85356679.0,10.94,,RWC,78218339.0,9.9,,
2024090502849317,EGP CAPITAL PTY LTD/EGP CONCENTRATED VALUE FUND,2024-09-05,7370000.0,6.38,,SGI,7380000.0,7.4,,
2024022202775918,EGP CAPITAL PTY LTD/EGP CONCENTRATED VALUE FUND,2024-02-22,7380000.0,7.4,,SGI,8067286.0,8.5,,
2024090602850000,NARELLE EDMUNDS,2024-09-06,6645818.0,5.76,,SGI,8586522.0,7.44,,
2024121002892765,STEPHEN MCDONALD,2024-12-10,4815864.0,5.77,,SHA,5818297.0,6.99,,
2024120602891529,GERARD MCMAHON,2024-12-06,7298115.0,8.74,,SHA,8442173.0,10.1,,
2024093002860032,GERARD MCMAHON,2024-09-30,8442173.0,10.1,,SHA,7737920.0,11.7,,
2024070802825844,MICHAEL VAN LEEUWEN,2024-07-08,13699307.0,16.41,,SHA,14782938.0,17.76,,
2024100202861433,MICHAEL VAN LEEUWEN,2024-10-02,12500126.0,14.97,,SHA,13699037.0,16.41,,
2024101602867270,TIM CAMPBELL,2024-10-16,3980352.0,4.77,,SHA,4875825.0,5.86,,
2024112602885995,JOHN DARRYL DRAYTON,2024-11-26,10121984.0,12.12,,SHA,11313938.0,13.59,,
2024120902892304,GREG JINKS,2024-12-09,14552692.0,12.99,,SKS,7019167.0,10.81,,
2024120902892302,MATTHEW JINKS MASSY PTY LTD JIREB PTY LTD KRISTIE JINKS MATTHEW JINKS LISA JINKS BUNDARAH PTY LTD VOLANTOR SUPERANNUATION FUND PTY LTD PETER JINKS,2024-12-09,21029924.0,18.77,,SKS,23936598.0,21.41,,
2025031802926257,MATTHEW JINKS MASSV PTY LTD JIREB PTY LTD KRISTIE JINKS MATTHEW JINKS LISA JINKS BUNDARAH PTY LTD VOLANTOR SUPERANNUATION FUND PTY LTD PETER JINKS,2025-03-18,22029924.0,19.48,,SKS,21029924.0,18.77,,
2025032102927702,NAOS SUBSTANTIAL HOLDERS,2025-03-21,18940303.0,15.55,,SND,21754336.0,18.56,,
2025032702929350,AHRENS GROUP PTY LTD,2025-03-27,8833000.0,7.25,,SND,6333000.0,5.34,,
2025032802930010,NAOS SUBSTANTIAL HOLDERS,2025-03-28,18940303.0,15.55,,SND,21754336.0,18.56,,
2024092302856114,TIMOTHY BURNETT,2024-09-23,10545869.0,8.96,,SND,11686311.0,10.65,,
2025021202912129,DESMOND BRYANT,2025-02-12,24316811.0,19.7,,SND,24316811.0,23.3,,
2024120402890295,[TIMOTHY BURNETT,2024-12-04,9016600.0,7.66,,SND,10545869.0,8.96,,
2024112202884795,NAOS SUBSTANTIAL HOLDERS,2024-11-22,21754336.0,18.56,,SND,24799932.0,23.05,,
2024092402856685,PERENNIAL VALUE MANAGEMENT LIMITED (PVM),2024-09-24,35869503.0,5.94,,SRG,36410603.0,7.01,,
2024102302870495,ALLAN GRAY AUSTRALIA,2024-10-23,71761280.0,11.65,,SSM,78080928.0,12.68,,
2024042202797991,ALLAN GRAY AUSTRALIA PTY LTD,2024-04-22,91993531.0,14.94,,SSM,99160930.0,16.1,,
2024030402780940,ALLAN GRAY AUSTRALIA PTY LTD,2024-03-04,107648504.0,17.48,,SSM,114884348.0,18.65,,
2024090202847359,ALLAN GRAY AUSTRALIA,2024-09-02,78080928.0,12.68,,SSM,84302110.0,13.69,,
2025040302932493,ALLAN GRAY AUSTRALIA,2025-04-03,34449494.0,5.59,,SSM,42071496.0,6.83,,
2025030402920874,ALLAN GRAY AUSTRALIA PTY LTD,2025-03-04,42071496.0,6.83,,SSM,52938113.0,8.59,,
2024082602843400,WILSON ASSET MANAGEMENT GROUP,2024-08-26,39116641.0,6.35,,SSM,31971847.0,5.19,,
2025041602937379,TIGA TRADING PTY LTD,2025-04-16,31746819.0,5.15,,SSM,38285000.0,6.22,,
2024042902800467,TIGA TRADING PTY LTD,2024-04-29,38285000.0,6.22,,SSM,40806800.0,7.35,,
2024111402880999,ALLAN GRAY AUSTRALIA,2024-11-14,60343983.0,9.8,,SSM,71761280.0,11.65,,
2025021902914810,ALLAN GRAY AUSTRALIA,2025-02-19,52938113.0,8.59,,SSM,60343983.0,9.8,,
2024042902800465,THORNEY OPPORTUNITIES LTD,2024-04-29,38285000.0,6.22,,SSM,40806800.0,7.35,,
2024032102787549,ALLAN GRAY AUSTRALIA PTY LTD,2024-03-21,99160930.0,16.1,,SSM,107648504.0,17.48,,
2024071902829735,ALLAN GRAY AUSTRALIA,2024-07-19,84302110.0,13.69,,SSM,91993531.0,14.94,,
2025041602937378,THORNEY OPPORTUNITIES LTD,2025-04-16,31746189.0,5.15,,SSM,38285000.0,6.22,,
2024032702789397,COMMONWEALTH BANK OF AUSTRALIA,2024-03-27,16469023.0,6.24,,SXE,19431542.0,7.39,,
2024082302842665,TIGA TRADING PTY LTD,2024-08-23,38035965.0,14.45,,SXE,41200010.0,15.66,,
2024040202790954,MITSUBISHI UFJ FINANCIAL GROUP INC,2024-04-02,16877190.0,6.34,,SXE,19968147.0,7.48,,
2024032802790382,FIRST SENTIER INVESTORS HOLDINGS PTY LIMITED,2024-03-28,16677193.0,6.34,,SXE,19681477.0,7.48,,
2024032702789462,SUPERMANUATION AND INVESTMENTS HOLDCO PTY LTD,2024-03-27,16409283.0,6.24,,SXE,20584664.0,7.84,,
2024082302842664,THORNEY OPPORTUNITIES LTD,2024-08-23,38035965.0,14.45,,SXE,41200100.0,15.66,,
2024121202894083,BRIAN O'SULLIVAN,2024-12-12,64278471.0,22.14,,VBC,72420779.0,24.95,,
2024051302806293,PERENNIAL VALUE MANAGEMENT LIMITED,2024-05-13,15836998.0,11.66,,VEE,14462704.0,10.65,,
2024050302803279,PERENNIAL VALUE MANAGEMENT LIMITED,2024-05-03,14462704.0,10.65,,VEE,12851416.0,94.7,,
2024022702777934,PERENNIAL VALUE MANAGEMENT LIMITED,2024-02-27,12851416.0,9.47,,VEE,14574478.0,10.74,,
2024061402817329,PERENNIAL VALUE MANAGEMENT LIMITED,2024-06-14,17285004.0,12.73,,VEE,15836998.0,11.66,,
2024092302856092,PERENNIAL VALUE MANAGEMENT LIMITED,2024-09-23,20322511.0,14.97,,VEE,18663661.0,13.74,,
2024071602828431,PERENNIAL VALUE MANAGEMENT LIMITED,2024-07-16,18663661.0,13.74,,VEE,17285004.0,12.73,,
2024123002899302,VANGUARD GROUP,2024-12-30,51408461.0,6.009,,VNT,42846863.0,5.008,,
2025040702933752,VERITAS SERVICES GROUP LIMITED,2025-04-07,5090254.0,646.0,,VNT,646983.0,544.0,,
2024123002899557,STATE STREET CORPORATION AND SUBSIDIARIES,2024-12-30,55373940.0,6.47,,VNT,46172857.0,5.4,,
2025012202905107,STATE STREET CORPORATION AND SUBSIDIARIES NAMED IN PARAGRAPH 6 TO THIS FORM,2025-01-22,46546983.0,5.44,,VNT,55373940.0,6.47,,
2024081602839673,STATE STREET CORPORATION AND SUBSIDIARIES NAMED IN PARAGRAPH 6 TO THIS FORM,2024-08-16,32399125.0,6.14,,WOR,27009807.0,5.11,,
2024082002840718,STATE STREET CORPORATION,2024-08-20,26501854.0,5.04,,WOR,32339128.0,6.14,,
2024061402817629,STATE STREET CORPORATION AND SUBSIDIARIES,2024-06-14,26941336.0,5.11,,WOR,32701243.0,6.2,,
2024060702815663,STATE STREET CORPORATION AND SUBSIDIARIES,2024-06-07,32701243.0,6.2,,WOR,26875681.0,5.09,,
2024050902805055,T. ROWE PRICE ASSOCIATES INC,2024-05-09,29576839.0,5.61,,WOR,34748359.0,6.61,,
2024052402810567,STATE STREET CORPORATION AND SUBSIDIARIES NAMED IN ANNEXURES TO THIS FORM,2024-05-24,32701055.0,6.2,,WOR,26716897.0,5.06,,
2024100402862324,STATE STREET CORPORATION AND SUBSIDIARIES NAMED IN PARAGRAPH 6 TO THIS FORM,2024-10-04,32271920.0,6.121,,WOR,26581854.0,5.041,,
2025022502917207,MICHAEL KARL KORBER,2025-02-25,8611321.0,6.13,,XRF,10148683.0,7.58,,
2025050202942763,GIOK LAK SIM,2025-05-02,108178162.0,50.42,,ZGL,107781137.0,49.64,,
2024100302862079,SIM JUAT KOON,2024-10-03,12248474.0,5.71,,ZGL,14569189.0,6.71,,
2024061402817580,FIRST SENTIER INVESTORS HOLDINGS PTY LIMITED,2024-06-14,,,,ANG,,,,
2024061702818017,MITSUBISHI UFJ FINANCIAL GROUP INC,2024-06-17,,,,ANG,,,2010-00-00,"10000
MITSUBISHI UFJ FINANCIAL GROUP INC"
2024041602796035,['SUPERANNUATION AND INVESTMENTS HOLDCO PTY LTD'],2024-04-16,,,,ANG,,,,
2024041602796042,['COMMONWEALTH BANK OF AUSTRALIA',2024-04-16,,,,ANG,,,0000-00-00,
2024031102783421,PERPETUAL LIMITED AND ITS RELATED BODIES CORPORATE,2024-03-11,,,,ANG,,,,
2025031902926780,STATE STREET CORPORATION AND SUBSIDIARIES NAMED IN PARAGRAPH 4 TO THIS FORM,2025-03-19,,,,ASB,,,,
2025032402927752,STATE STREET CORPORATION AND SUBSIDIARIES NAMED IN PARAGRAPH 4 TO THIS FORM,2025-03-24,,,,ASB,,,,
2025021402913014,[COPIA INVESTMENT PARTNERS LTD,2025-02-14,,,,ASB,,,0000-00-00,
2025032102927579,CITIGROUP GLOBAL MARKETS AUSTRALIA PTY LIMITED,2025-03-21,,,,ASB,,,0000-00-00,"1708909

CITIGROUP GLOBAL MARKETS AUSTRALIA PTY LI"
2024112102883819,KREO CAPITAL MANAGEMENT PTE LTD,2024-11-21,,,,BMH,,,,
2024080902837340,JOEL FRANCIS MCKENNA SKIPWORTH,2024-08-09,,,,DDB,,,1625-00-00,16250000
2024081202837386,LAURENCE COWLEY FREEDMAN,2024-08-12,,,,DDB,,,0000-00-00,13529189
2024081302838121,GOLDFIRE ENTERPRISES PTY LTD TEMOREX PTY LTD <NITRAM FAMILY A/C>,2024-08-13,,,,DDB,,,0000-00-00,636928 4444444 13753475
2024081302838211,DAVID MATTHEW KINNERSLEY,2024-08-13,,,,DDB,,,0000-00-00,8524500
2024090202847668,[MARK DAVIS,2024-09-02,,,,DDB,,,0000-00-00,9614553]
2024090202847669,MATTHEW FREEDMAN RANGEHILL HOLDINGS PTY LTD AFT THE CALYPSO FAMILY TRUST,2024-09-02,,,,DDB,,,0000-00-00,9614553
2024091102851583,HARVEST LANE ASSET MANAGEMENT AND ITS ASSOCIATED ENTITIES,2024-09-11,,,,DDB,,,0000-00-00,22313787
2025050202942461,STATE STREET CORPORATION,2025-05-02,,,,DRO,,,,
2025012802906064,JPMORGAN CHASE & CO. AND ITS AFFILIATES,2025-01-28,,,,DRO,,,0000-00-00,"826712

J.P. MORGAN SECURITIES PLC"
2025040702933746,JPMORGAN CHASE & CO. AND ITS AFFILIATES,2025-04-07,,,,DRO,,,0000-00-00,4385071
2025022102915982,STATE STREET CORPORATION AND SUBSIDIARIES NAMED IN PARAGRAPH 4 TO THIS FORM,2025-02-21,,,,DRO,,,,
2025050502942933,JPMORGAN CHASE & CO. AND ITS AFFILIATES,2025-05-05,,,,DRO,,,0000-00-00,11556178
2025050702944422,STATE STREET CORPORATION,2025-05-07,,,,DRO,,,0000-00-00,0
2024050302802905,SEE ANNEXURE B,2024-05-03,,,,ECL,,,0000-00-00,39500
2024031402785032,[GREENCAPE CAPITAL PTY LTD,2024-03-14,,,,EGL,,,0000-00-00,0]
2024031402785048,CHALLENGER LIMITED AND APOLLO GLOBAL MANAGEMENT INC,2024-03-14,,,,EGL,,,,
2024090902850499,APOLLO GLOBAL MANAGEMENT INC,2024-09-09,,,,EGL,,,2426-12-06,24261206
2024073102833373,ARCHON CAPITAL MANAGEMENT LLC,2024-07-31,,,,EOS,,,0000-00-00,0
2024103002874318,MITSUBISHI UFJ FINANCIAL GROUP INC,2024-10-30,,,,GWA,,,0000-00-00,22245
2024101702868025,FIRST SENTIER INVESTORS HOLDINGS PTY LIMITED,2024-10-17,,,,GWA,,,,
2024102902873535,FIRST SENTIER INVESTORS HOLDINGS PTY LIMITED,2024-10-29,,,,GWA,,,,
2024052202809414,SERY GROUP,2024-05-22,,,,HNG,,,0000-00-00,2065555
2024091702853570,MR. JAMES ROBERT BALDWIN,2024-09-17,,,,HNG,,,0000-00-00,15290656
2024091702853434,CONSTABLE GROUP,2024-09-17,,,,HNG,,,0000-00-00,N/A
2025050102942084,H&G HIGH CONVICTION LIMITED,2025-05-01,,,,HNG,,,0000-00-00,63688072
2024071602828248,ROBERT WILLIAM BENTLEY MORRISON,2024-07-16,,,,IFT,,,0000-00-00,471607034
2024112602885799,PLATYPUS ASSET MANAGEMENT PTY LTD,2024-11-26,,,,IPG,,,0000-00-00,
2024042602799642,GEOFFREY THOMAS BACON,2024-04-26,,,,IPG,,,2050-00-00,"500000
GEOFFREY THOMAS BACON"
2025050202942463,STATE STREET CORPORATION AND SUBSIDIARIES,2025-05-02,,,,JLG,,,0000-00-00,0
2025032002927196,STATE STREET CORPORATION AND SUBSIDIARIES NAMED IN PARAGRAPH 4 TO THIS FORM,2025-03-20,,,,JLG,,,,
2025030702922489,AUSTRALIANSUPER PTY LTD,2025-03-07,,,,JLG,,,0000-00-00,"5000
AUSTRALIANSUPER PTY LTD"
2025042202938360,STATE STREET CORPORATION AND SUBSIDIARIES NAMED IN PARAGRAPH 4 TO THIS FORM,2025-04-22,,,,JLG,,,,
2025042802939410,STATE STREET CORPORATION AND SUBSIDIARIES NAMED IN PARAGRAPH 4 TO THIS FORM,2025-04-28,,,,JLG,,,,
2025020602910402,UBS GROUP AG AND ITS RELATED BODIES CORPORATE,2025-02-06,,,,JLG,,,,
2025040402933142,[STATE STREET CORPORATION AND SUBSIDIARIES NAMED IN PARAGRAPH 4 TO THIS FORM,2025-04-04,,,,JLG,,,0000-00-00,0]
2025020702910475,JPMORGAN CHASE & CO. AND ITS AFFILIATES,2025-02-07,,,,JLG,,,0000-00-00,3723528
2025031402924689,J P MORGAN CHASE & CO AND ITS AFFILIATES,2025-03-14,,,,JLG,,,0000-00-00,2648343
2025022402916704,STATE STREET CORPORATION AND SUBSIDIARIES NAMED IN PARAGRAPH 4 TO THIS FORM,2025-02-24,,,,JLG,,,,
2024052002808623,FIRST SENTIER INVESTORS HOLDINGS PTY LIMITED,2024-05-20,,,,KOV,,,,
2024100202861080,PHOENIX PORTFOLIOS PTY LTD,2024-10-02,,,,KOV,,,0000-00-00,255000
2024052102809074,MITSUBISHI UFJ FINANCIAL GROUP INC,2024-05-21,,,,KOV,,,0000-00-00,1143319
2024052002808521,SUPANNUATION AND INVESTMENTS HOLDCO PTY LTD,2024-05-20,,,,KOV,,,,
2024052002808517,COMMONWEALTH BANK OF AUSTRALIA ACN 123 123 124 (CBA) AND ITS RELATED BODIES CORPORATE LISTED IN ANNEXURE A,2024-05-20,,,,KOV,,,,
2024032802790099,LUALA PTY LTD,2024-03-28,,,,LYL,,,0000-00-00,"200000  
ZIZIPHUS PTY LTD"
2024082302842311,MAAS GROUP HOLDINGS LIMITED,2024-08-23,,,,MGH,,,2060-00-00,600000
2025042802939382,['BLACKROCK GROUP'],2025-04-28,,,,MND,,,,
2025041502936537,BLACKROCK GROUP,2025-04-15,,,,MND,,,,
2025032002927197,STATE STREET CORPORATION AND SUBSIDIARIES NAMED IN PARAGRAPH 4 TO THIS FORM,2025-03-20,,,,MND,,,,
2024092602857461,BLACKROCK GROUP,2024-09-26,,,,MND,,,,
2025032402928091,STATE STREET CORPORATION AND SUBSIDIARIES,2025-03-24,,,,MND,,,,
2024091202851678,['BLACKROCK GROUP',2024-09-12,,,,MND,,,0000-00-00,
2024100102860493,['BLACKROCK GROUP',2024-10-01,,,,MND,,,0000-00-00,
2025030502920996,STATE STREET CORPORATION AND SUBSIDIARIES NAMED IN PARAGRAPH 4 TO THIS FORM,2025-03-05,,,,MND,,,,
2025032602928916,ADVANCED SCIENCE & INNOVATION COMPANY (ASIC) LLC,2025-03-26,,,,MPW,,,0000-00-00,806880
2024091702853781,[STATE STREET CORPORATION AND SUBSIDIARIES,2024-09-17,,,,NWH,,,0000-00-00,0]
2024101402866352,[STATE STREET CORPORATION AND SUBSIDIARIES NAMED IN PARAGRAPH 4 TO THIS FORM,2024-10-14,,,,NWH,,,0000-00-00,0]
2024092002855595,[STATE STREET CORPORATION,2024-09-20,,,,NWH,,,0000-00-00,0]
2024103102875645,STATE STREET CORPORATION,2024-10-31,,,,NWH,,,,
2025020602910291,AUSTRALIAN RETIREMENT TRUST PTY LTD ATF AUSTRALIAN RETIREMENT TRUST,2025-02-06,,,,NWH,,,,
2024091002851128,STATE STREET CORPORATION,2024-09-10,,,,NWH,,,,
2024102202869943,[STATE STREET CORPORATION AND SUBSIDIARIES NAMED IN PARAGRAPH 4 TO THIS FORM,2024-10-22,,,,NWH,,,0000-00-00,0]
2024091302852676,[STATE STREET CORPORATION AND SUBSIDIARIES NAMED IN PARAGRAPH 4 TO THIS FORM,2024-09-13,,,,NWH,,,0000-00-00,
2024121702895790,[SUPPERANNUATION AND INVESTMENTS HOLDCO PTY LTD,2024-12-17,,,,OEC,,,0000-00-00,
2024072502831551,MACQUARIE GROUP LIMITED MQG,2024-07-25,,,,OEC,,,,
2024061902819092,FIRST SENTIER INVESTORS HOLDINGS PTY LIMITED AND ITS RELATED BODIES CORPORATE OR ASSOCIATES LISTED IN ANNEXURE A,2024-06-19,,,,OEC,,,,
2024121602895256,COMMONWEALTH BANK OF AUSTRALIA ACN 123 123 124 (CBA) AND ITS RELATED BODIES CORPORATE LISTED IN ANNEXURE A,2024-12-16,,,,OEC,,,,
2024062002819516,MITSUBISHI UFJ FINANCIAL GROUP INC,2024-06-20,,,,OEC,,,0000-00-00,12889298
2024020502769498,SILVIA CONELIANO,2024-02-05,,,,RDX,,,0000-00-00,139139914
2024061702818094,PERPETUAL LIMITED AND ITS RELATED BODIES CORPORATE,2024-06-17,,,,RDX,,,,
2024020802770805,['STATE STREET CORPORATION AND SUBSIDIARIES NAMED IN ANNEXURES TO THIS FORM'],2024-02-08,,,,RWC,,,,
2024040802793360,STATE STREET CORPORATION AND SUBSIDIARIES NAMED IN ANNEXURES TO THIS FORM,2024-04-08,,,,RWC,,,,
2024022602777330,[STATE STREET CORPORATION AND SUBSIDIARIES NAMED IN ANNEXURES TO THIS FORM],2024-02-26,,,,RWC,,,,
2024030702782535,STATE STREET CORPORATION AND SUBSIDIARIES NAMED IN ANNEXURES TO THIS FORM,2024-03-07,,,,RWC,,,,
2024030402781018,STATE STREET CORPORATION AND SUBSIDIARIES NAMED IN ANNEXURES TO THIS FORM,2024-03-04,,,,RWC,,,,
2024052302810028,STATE STREET CORPORATION AND SUBSIDIARIES NAMED IN ANNEXURES TO THIS FORM,2024-05-23,,,,RWC,,,,
2025043002941697,YARRA CAPITAL MANAGEMENT LIMITED,2025-04-30,,,,RWC,,,0000-00-00,832228
2024021302771709,STATE STREET CORPORATION AND SUBSIDIARIES NAMED IN ANNEXURES TO THIS FORM,2024-02-13,,,,RWC,,,,
2024040202790546,STATE STREET CORPORATION AND SUBSIDIARIES,2024-04-02,,,,RWC,,,,
2025012302905469,NARELLE EDMUNDS,2025-01-23,,,,SGI,,,0000-00-00,30000
2024111802881994,EGP CAPITAL PTY LTD/EGP CONCENTRATED VALUE FUND,2024-11-18,,,,SGI,,,2032-10-01,1572101
2024110502877151,JOSEPHINE HYNES,2024-11-05,,,,SHA,,,2050-00-00,50000
2024060302813561,['SCHOLZ INDUSTRIES PTY LTD',2024-06-03,,,,SKS,,,0000-00-00,'3000000']
2024093002859327,MANISA NOMINEES PTY LTD & LASKY SUPER FUND A/C,2024-09-30,,,,SKS,,,0000-00-00,
2024062102819899,COMMONWEALTH BANK OF AUSTRALIA ACN 123 123 124 (CBA) AND ITS RELATED BODIES CORPORATE LISTED IN ANNEXURE A,2024-06-21,,,,SRG,,,,
2025032602929034,['CITIGROUP GLOBAL MARKETS LIMITED',2025-03-26,,,,SRG,,,0000-00-00,'8000000']
2024062102819859,SUPERNANUATION AND INVESTMENTS HOLDCO PTY LTD,2024-06-21,,,,SRG,,,,
2024093002859866,PERENNIAL VALUE MANAGEMENT LIMITED,2024-09-30,,,,SRG,,,0000-00-00,172454
2024053002812477,FIRST SENTIER INVESTORS HOLDINGS PTY LIMITED,2024-05-30,,,,SRG,,,,
2025050202942757,THORNEY OPPORTUNITIES LTD,2025-05-02,,,,SSM,,,2015-00-00,150000
2025042402939167,['AUSTRALIAN RETIREMENT TRUST PTY LTD ATF AUSTRALIAN RETIREMENT TRUST'],2025-04-24,,,,SSM,,,,
2025042902940651,ALLAN GRAY AUSTRALIA PTY LTD,2025-04-29,,,,SSM,,,,
2025022102915959,WILSON ASSET MANAGEMENT GROUP,2025-02-21,,,,SSM,,,,
2025032702929137,VANGUARD GROUP,2025-03-27,,,,SSM,,,0000-00-00,
2025032102927378,DIMENSIONAL ENTITIES,2025-03-21,,,,SSM,,,,
2025050202942759,TIGA TRADING PTY LTD,2025-05-02,,,,SSM,,,2015-00-00,"150000

TIGA TRADING PTY LTD"
2024062102819903,COMMONWEALTH BANK OF AUSTRALIA,2024-06-21,,,,SXE,,,,
2024062102819861,SUPERNANUATION AND INVESTMENTS HOLDCO PTY LTD,2024-06-21,,,,SXE,,,,
2024061902819094,FIRST SENTIER INVESTORS HOLDINGS PTY LIMITED AND ITS RELATED BODIES CORPORATE OR ASSOCIATES LISTED IN ANNEXURE A,2024-06-19,,,,SXE,,,,
2024062002819517,['MITSUBISHI UFJ FINANCIAL GROUP INC',2024-06-20,,,,SXE,,,0000-00-00,'1859']
2024111502881588,GFNA BARTLEY FAMILY PTY LTD,2024-11-15,,,,VBC,,,2055-00-00,5500000
2024042302798540,['STATE STREET CORPORATION AND SUBSIDIARIES NAMED IN ANNEXURES TO THIS FORM'],2024-04-23,,,,VNT,,,,
2024040502792604,NORTHCAPE CAPITAL PTY LTD,2024-04-05,,,,VNT,,,0000-00-00,4966983
2024022802778812,['AWARE SUPER PTY LTD AS TRUSTEE OF AWARE SUPER',2024-02-28,,,,VNT,,,0000-00-00,'60000000']
2024031502785795,STATE STREET CORPORATION AND SUBSIDIARIES NAMED IN ANNEXURES TO THIS FORM,2024-03-15,,,,VNT,,,,
2025043002941540,NORTHCAPE CAPITAL PTY LTD,2025-04-30,,,,VNT,,,0000-00-00,132824
2024042602799726,['STATE STREET CORPORATION AND SUBSIDIARIES NAMED IN ANNEXURES TO THIS FORM',2024-04-26,,,,VNT,,,0000-00-00,
2024032202787960,[AWARE SUPER PTY LTD AS TRUSTEE OF AWARE SUPER],2024-03-22,,,,VNT,,,,
2025041502936816,['AWARE SUPER PTY LTD AS TRUSTEE OF AWARE SUPER',2025-04-15,,,,VNT,,,0000-00-00,'']
2024051702807755,[BLACKROCK GROUP],2024-05-17,,,,VNT,,,,
2024020602769955,REGAL FUNDS MANAGEMENT PTY LTD AND ITS ASSOCIATES,2024-02-06,,,,VNT,,,2050-00-00,500000
2024090602849811,[AWARE SUPER PTY LTD AS TRUSTEE OF AWARE SUPER],2024-09-06,,,,VNT,,,,
2024051402806811,['STATE STREET CORPORATION AND SUBSIDIARIES NAMED IN ANNEXURES TO THIS FORM'],2024-05-14,,,,VNT,,,,
2024052302810033,STATE STREET CORPORATION AND SUBSIDIARIES NAMED IN ANNEXURES TO THIS FORM,2024-05-23,,,,VNT,,,,
2024090602849496,STATE STREET CORPORATION AND SUBSIDIARIES,2024-09-06,,,,VNT,,,,
2024060702815662,STATE STREET CORPORATION AND SUBSIDIARIES,2024-06-07,,,,VNT,,,,
2024053002812043,['BLACKROCK GROUP',2024-05-30,,,,VNT,,,0000-00-00,
2024061902819090,STATE STREET CORPORATION AND SUBSIDIARIES NAMED IN ANNEXURES TO THIS FORM,2024-06-19,,,,VNT,,,,
2024050202802724,['CITIGROUP GLOBAL MARKETS INC',2024-05-02,,,,WOR,,,0000-00-00,'231']
2024050202802550,DAR AL-HANDASAH CONSULTANTS SHAIR AND PARTNERS HOLDINGS LTD,2024-05-02,,,,WOR,,,2010-00-00,100000000
2024070902826383,[STATE STREET CORPORATION AND SUBSIDIARIES NAMED IN ANNEXURES TO THIS FORM],2024-07-09,,,,WOR,,,,
2024073002833200,STATE STREET CORPORATION AND SUBSIDIARIES NAMED IN ANNEXURES TO THIS FORM,2024-07-30,,,,WOR,,,,
2024080802836915,STATE STREET CORPORATION AND SUBSIDIARIES NAMED IN PARAGRAPH 4 TO THIS FORM,2024-08-08,,,,WOR,,,,
2024053102813080,STATE STREET CORPORATION AND SUBSIDIARIES NAMED IN ANNEXURES TO THIS FORM,2024-05-31,,,,WOR,,,,
2024052002808654,[STATE STREET CORPORATION AND SUBSIDIARIES NAMED IN ANNEXURES TO THIS FORM],2024-05-20,,,,WOR,,,,
2024070402824928,[STATE STREET CORPORATION AND SUBSIDIARIES NAMED IN ANNEXURES TO THIS FORM],2024-07-04,,,,WOR,,,,
2024061902819098,STATE STREET CORPORATION AND SUBSIDIARIES NAMED IN ANNEXURES TO THIS FORM,2024-06-19,,,,WOR,,,,
2024052802811522,STATE STREET CORPORATION AND SUBSIDIARIES NAMED IN ANNEXURES TO THIS FORM,2024-05-28,,,,WOR,,,,
2024051402806787,L1 CAPITAL PTY LTD AND L1 CAPITAL STRATEGIC EQUITY MANAGEMENT PTY LTD,2024-05-14,,,,WOR,,,,
2025041502936588,['T. ROWE PRICE ASSOCIATES,2025-04-15,,,,WOR,,,0000-00-00,'21656'
2024050602803912,['THE GOLDMAN SACHS GROUP INC',2024-05-06,,,,WOR,,,0000-00-00,'N/A']
2024051402806812,STATE STREET CORPORATION AND SUBSIDIARIES,2024-05-14,,,,WOR,,,,
2024100302862080,['SIM JUAT KOON'],2024-10-03,,,,ZGL,,,,
